id_img,label
10052,happy
10065,surprise
10079,neutral
10095,sad
10121,angry
10148,angry
10163,sad
10215,sad
1024,happy
10286,neutral
10315,angry
10336,happy
10338,sad
10371,sad
10382,sad
10399,sad
10415,neutral
10426,sad
10551,happy
10554,sad
10583,neutral
10699,angry
10702,sad
1071,sad
10743,angry
10746,neutral
10818,neutral
10823,happy
10825,neutral
10839,happy
10854,angry
10970,happy
11002,neutral
11017,sad
11024,sad
11028,sad
1106,happy
11075,sad
11093,angry
11096,sad
11158,neutral
11169,happy
11186,sad
11188,sad
11200,sad
1124,angry
11266,sad
1127,sad
11337,sad
11342,angry
11400,sad
11421,fear
11467,neutral
11561,sad
11610,surprise
11613,sad
11632,sad
11642,neutral
11675,neutral
11694,sad
1177,angry
11813,sad
11841,fear
11849,angry
11883,sad
11949,happy
11964,sad
11986,angry
12136,sad
12144,happy
1215,neutral
12171,sad
12183,surprise
12230,angry
12237,neutral
12307,sad
1235,angry
12352,fear
12489,sad
12680,surprise
12695,sad
12733,sad
12808,happy
12810,sad
12841,happy
12842,neutral
12851,angry
12928,sad
12945,sad
13029,sad
13041,neutral
13057,sad
13059,happy
13092,neutral
13118,angry
13167,sad
13220,neutral
13267,neutral
13279,neutral
13334,sad
13351,sad
13376,sad
13395,angry
1340,angry
13431,neutral
1350,sad
13514,sad
13533,happy
13535,happy
1358,sad
13582,sad
13599,neutral
13607,neutral
13671,sad
13672,sad
13738,sad
13758,happy
1386,fear
13890,neutral
13978,sad
14022,surprise
14030,angry
14058,sad
14108,surprise
14118,happy
14120,neutral
14148,sad
14185,sad
14206,angry
1422,sad
14243,happy
14315,sad
14329,angry
14357,angry
14376,neutral
1438,neutral
14381,sad
14421,happy
14438,sad
14498,sad
14557,sad
1460,happy
14706,happy
1477,neutral
14775,neutral
14821,angry
14831,sad
14870,sad
14945,neutral
15074,surprise
1508,sad
15138,angry
15172,fear
15190,neutral
15194,angry
15217,neutral
15222,neutral
15295,sad
15474,sad
15500,sad
15502,sad
1555,neutral
15562,angry
15637,sad
15644,surprise
15654,sad
15699,neutral
157,neutral
15709,sad
15712,sad
15715,sad
15725,sad
1575,sad
15771,happy
1582,sad
15820,sad
15821,neutral
15835,happy
1584,sad
15848,neutral
15897,sad
15919,sad
15941,sad
15954,sad
15979,angry
16033,sad
16102,sad
16169,surprise
16222,sad
16233,sad
16287,happy
16292,angry
16380,angry
16406,angry
16410,happy
16413,sad
16428,sad
16506,surprise
16510,sad
16557,sad
16565,sad
16643,sad
16659,sad
16681,sad
16711,happy
1672,sad
16764,happy
16768,sad
16783,happy
16792,angry
16875,fear
16999,sad
17024,angry
17053,sad
17085,sad
17099,sad
17167,happy
1717,angry
17170,neutral
17186,happy
17209,happy
17211,happy
17228,sad
17259,happy
17316,sad
17344,sad
1736,neutral
17371,neutral
17413,sad
17428,sad
17445,sad
17452,angry
17502,sad
17536,neutral
17647,angry
17700,sad
17705,angry
17731,sad
17735,happy
17736,sad
17752,sad
17787,sad
17910,angry
17939,sad
18001,sad
18050,sad
18140,sad
18142,sad
18161,surprise
18166,sad
18183,sad
18200,happy
18247,angry
1825,sad
18254,sad
18284,neutral
18376,angry
18380,sad
1841,happy
18415,sad
18445,angry
18459,sad
18466,happy
18492,angry
18534,sad
18565,sad
18566,happy
18588,angry
18593,sad
18602,happy
18617,happy
18633,sad
18695,fear
18715,angry
18779,sad
1880,angry
18810,neutral
18837,neutral
18882,happy
18903,sad
18949,sad
18983,sad
1899,sad
18994,angry
19014,happy
19060,sad
19067,neutral
1908,surprise
19093,happy
19108,angry
19114,neutral
19115,angry
19140,fear
19152,angry
19268,neutral
19292,neutral
19309,sad
19392,sad
19476,neutral
19477,sad
19485,sad
1966,angry
19664,sad
19732,surprise
19811,neutral
1983,angry
19832,sad
19877,sad
19906,sad
19923,happy
1994,happy
19950,neutral
19961,happy
2006,sad
20222,sad
20227,neutral
20287,surprise
20290,sad
20298,surprise
20303,sad
20312,happy
20328,happy
20353,happy
20374,sad
20451,sad
2050,sad
20505,neutral
20532,sad
2055,sad
20629,angry
20630,neutral
20635,happy
20640,sad
20653,angry
20673,neutral
20686,angry
20736,angry
20739,sad
20796,neutral
20817,happy
20849,sad
21068,sad
21099,sad
21111,sad
21131,sad
21135,neutral
21161,sad
2117,surprise
21173,neutral
21284,sad
21371,angry
21374,sad
2142,sad
21447,fear
21472,happy
21511,sad
21512,angry
21520,surprise
21541,neutral
21573,sad
21670,sad
21703,angry
21723,happy
21782,angry
21836,sad
21865,sad
21916,sad
21921,happy
21922,sad
2194,sad
22089,sad
22183,neutral
22184,sad
22198,sad
2225,sad
22309,sad
22334,sad
22375,sad
22516,angry
22695,sad
22733,angry
22739,happy
22789,neutral
22807,sad
22810,angry
22832,sad
2290,sad
22990,sad
23,sad
23008,sad
23041,sad
23059,sad
23085,happy
23164,sad
23194,sad
23215,fear
23230,happy
23246,sad
23327,happy
23404,sad
23468,happy
23473,happy
23488,happy
23521,sad
23532,angry
23749,neutral
23780,sad
23783,happy
23814,happy
23847,sad
23886,sad
24067,angry
2407,neutral
24071,sad
24176,sad
24184,angry
24252,sad
24378,sad
24412,sad
24428,sad
24435,happy
24437,angry
24441,sad
24466,angry
24490,sad
245,neutral
24501,sad
24542,sad
24660,sad
24678,happy
24711,neutral
24789,sad
24797,sad
24819,sad
24821,neutral
2484,sad
2486,sad
2487,happy
24886,fear
249,neutral
24959,sad
24967,sad
2498,sad
24992,angry
25082,sad
25088,sad
251,surprise
25101,sad
2511,sad
25131,sad
25144,happy
25209,angry
25255,sad
25343,sad
25360,sad
25435,angry
25528,angry
25542,happy
2557,angry
2558,happy
25612,happy
25681,neutral
25688,sad
25778,happy
25795,neutral
2581,neutral
25811,sad
25813,angry
25844,sad
25874,sad
25876,angry
25886,angry
25891,sad
259,sad
25944,angry
25973,sad
26025,neutral
26038,happy
26059,fear
26121,neutral
26124,sad
26137,happy
26163,happy
26175,sad
26177,angry
26181,happy
26185,angry
26248,happy
26264,sad
26267,sad
26337,happy
26344,sad
26437,sad
26446,sad
26462,neutral
26572,fear
26597,happy
26618,fear
26620,neutral
2668,sad
26725,sad
26789,sad
26845,happy
26860,happy
26886,sad
26899,angry
26900,sad
26919,angry
26928,sad
26956,sad
27016,angry
27022,sad
27054,happy
2709,sad
2712,sad
27284,neutral
27296,angry
27385,angry
27413,sad
27464,angry
27483,neutral
27544,angry
2762,sad
27652,angry
2770,sad
27704,happy
27715,fear
27726,sad
27744,neutral
27770,sad
27777,happy
27798,sad
27828,happy
2791,angry
27967,sad
27982,sad
28015,neutral
28058,angry
28062,sad
28120,sad
28144,fear
28148,sad
28149,sad
28207,sad
28248,sad
28288,surprise
28300,sad
28401,happy
28438,happy
28498,sad
28509,angry
28543,sad
28547,neutral
28560,angry
28585,happy
28614,surprise
28618,sad
28620,neutral
28660,sad
28707,neutral
28720,angry
28731,sad
28737,surprise
28743,sad
28749,happy
28800,happy
28840,sad
28867,angry
28884,neutral
2890,sad
28932,sad
28952,angry
29085,sad
29119,happy
29132,angry
29202,neutral
29266,happy
29319,neutral
2933,sad
29414,sad
29471,sad
29477,neutral
29493,angry
29523,angry
29527,sad
29554,sad
29571,angry
29581,sad
29588,surprise
29614,sad
29669,sad
29685,sad
29730,sad
298,sad
29818,angry
29866,happy
29929,sad
29931,sad
29947,happy
29977,sad
29980,sad
30002,sad
30004,sad
30015,happy
30024,angry
30058,angry
30059,happy
30082,sad
30085,sad
30171,happy
3021,angry
30260,sad
30273,sad
30290,neutral
30305,angry
30320,neutral
30325,sad
30394,sad
30415,happy
30420,angry
30456,neutral
30458,neutral
30460,sad
30490,neutral
30509,happy
30535,happy
30563,neutral
30584,sad
30619,sad
30901,sad
30933,sad
30944,happy
3099,happy
31033,angry
31042,sad
31081,sad
31083,sad
31138,fear
31142,sad
31203,neutral
3121,sad
3137,angry
31491,happy
31529,happy
31544,sad
31609,angry
31635,neutral
31693,angry
31703,sad
3176,sad
31849,surprise
3186,angry
31873,surprise
3188,sad
31928,angry
32023,sad
32024,sad
32153,happy
32161,neutral
32223,sad
32231,sad
3226,happy
32278,neutral
32281,happy
32298,neutral
32336,happy
32352,happy
32367,sad
32454,sad
32464,sad
32473,angry
3248,angry
32481,sad
32506,happy
32512,sad
32575,sad
32584,happy
32617,neutral
32662,happy
32755,sad
32777,angry
33015,sad
3303,sad
33105,angry
33131,surprise
33221,happy
3327,sad
33301,happy
33308,surprise
3334,happy
33352,angry
33444,neutral
33450,happy
33459,neutral
33494,neutral
33560,neutral
33573,neutral
33633,sad
33666,sad
3370,sad
33729,neutral
3377,sad
338,sad
33809,neutral
33829,sad
33890,neutral
33924,happy
33926,angry
3393,sad
33935,neutral
33977,happy
33987,sad
33998,angry
34036,happy
34040,sad
3412,angry
34138,sad
34151,neutral
34175,happy
34178,angry
34184,angry
34238,happy
34259,surprise
34352,neutral
34359,surprise
34363,sad
34448,sad
34474,neutral
3449,sad
34507,sad
34581,angry
34592,sad
34596,sad
34620,angry
3467,sad
34714,sad
34778,sad
34879,surprise
35009,angry
35010,sad
35028,sad
35041,neutral
35059,neutral
35145,sad
35149,sad
35162,neutral
35210,happy
3522,sad
35261,happy
35298,sad
35407,angry
35425,sad
35439,angry
35447,sad
35514,happy
3558,angry
3564,sad
35669,neutral
35681,angry
35682,sad
35731,sad
35753,sad
35805,angry
35809,neutral
35820,neutral
35828,sad
35881,sad
35884,neutral
3599,neutral
3632,sad
377,sad
38,sad
3802,happy
3819,sad
3839,sad
3862,neutral
3870,happy
3913,sad
4015,angry
404,sad
4060,sad
4077,sad
4100,sad
4196,sad
4229,happy
4306,angry
4317,sad
4324,happy
4349,sad
4384,angry
4396,sad
4397,neutral
4459,sad
4468,happy
4502,sad
4579,neutral
4616,angry
4637,neutral
4660,sad
4665,angry
4670,sad
4700,sad
4751,surprise
4807,surprise
4878,sad
4937,sad
5010,sad
5060,neutral
5064,sad
521,happy
5220,happy
5233,angry
5244,sad
5259,sad
5312,sad
5317,happy
5400,sad
5422,surprise
5432,sad
5434,sad
5459,sad
5519,sad
5564,surprise
5570,angry
5582,neutral
5607,sad
5610,sad
5637,happy
5732,angry
5739,neutral
5780,surprise
5810,angry
5822,sad
5859,sad
5883,sad
5888,sad
589,happy
5902,happy
5962,fear
6009,sad
6017,sad
6075,angry
608,sad
6088,sad
6119,angry
6129,angry
6155,neutral
6225,surprise
6232,sad
624,sad
6274,angry
6278,angry
6283,angry
6321,sad
633,happy
6347,angry
6364,happy
6365,sad
6375,angry
6390,angry
6420,angry
6426,sad
6471,surprise
6484,angry
65,happy
654,sad
6547,sad
6555,sad
6561,angry
6566,sad
6580,sad
6581,sad
6584,surprise
6618,neutral
6621,sad
665,sad
6652,happy
6726,angry
6739,sad
6745,neutral
676,neutral
6766,angry
6809,happy
6890,sad
6923,angry
6955,angry
6965,neutral
7015,sad
7056,happy
7103,sad
7136,angry
7174,sad
7219,neutral
7257,angry
7261,sad
727,sad
7284,sad
7291,happy
7409,sad
7492,neutral
7550,happy
7559,sad
7589,happy
764,neutral
7655,angry
7668,sad
7729,sad
7777,angry
7793,sad
7811,sad
7886,happy
7919,sad
7937,sad
7979,happy
8000,happy
8001,angry
8052,happy
8096,sad
8103,neutral
8130,angry
8151,happy
816,sad
8267,neutral
8275,sad
8299,sad
8402,neutral
842,sad
854,angry
8555,neutral
8581,happy
8593,sad
861,neutral
8661,neutral
8685,sad
8719,sad
8734,sad
8902,angry
8916,happy
8969,neutral
9012,sad
9059,sad
9100,happy
9156,fear
9266,surprise
9293,sad
9331,sad
9400,sad
9567,surprise
9615,angry
966,angry
9691,neutral
9698,neutral
9715,sad
9748,neutral
9785,angry
9802,sad
9811,sad
9862,neutral
9884,happy
9931,angry
10053,sad
10435,sad
10532,neutral
1115,neutral
11222,surprise
11529,angry
11639,angry
12417,sad
12753,sad
13372,sad
13597,sad
13652,sad
13847,fear
14041,fear
14869,sad
14954,sad
14958,sad
15110,sad
16021,happy
16054,happy
16121,angry
16264,angry
16718,neutral
17260,angry
18077,neutral
1843,sad
18464,neutral
18716,sad
19649,happy
19734,neutral
19770,neutral
19801,sad
19831,sad
20761,happy
21744,neutral
21765,angry
21851,sad
22320,sad
2275,sad
23141,neutral
23153,neutral
23665,angry
23876,sad
24578,sad
25267,angry
25538,neutral
25541,sad
26859,happy
2732,sad
2742,happy
28332,sad
28390,surprise
28710,sad
28987,sad
29158,neutral
29269,neutral
30347,sad
30428,sad
30499,sad
30601,angry
30719,happy
30761,happy
30907,neutral
3101,happy
31232,happy
31323,sad
31796,sad
31828,neutral
32487,neutral
32681,sad
33209,neutral
33284,happy
33561,angry
33670,sad
33995,neutral
34022,sad
34432,sad
34505,sad
34519,happy
3521,surprise
35376,happy
35580,angry
3690,fear
3778,angry
4002,sad
4004,sad
4265,fear
4312,sad
4481,happy
4737,sad
5085,angry
533,sad
573,neutral
6231,neutral
6926,sad
7068,surprise
7192,angry
7405,sad
7455,happy
7592,sad
7835,angry
807,neutral
8415,happy
8585,sad
8726,neutral
8893,happy
8948,sad
9043,sad
9297,neutral
9460,happy
9504,sad
10029,neutral
10043,happy
10044,happy
1008,surprise
10099,neutral
101,surprise
10189,sad
10263,neutral
10267,angry
10278,angry
10292,neutral
10355,fear
10409,happy
10437,neutral
10443,sad
10445,sad
10458,sad
10489,neutral
10493,neutral
10534,neutral
1075,sad
10758,sad
1079,sad
10797,fear
10832,sad
10933,angry
10944,sad
10968,neutral
10979,neutral
11030,angry
11036,happy
11039,neutral
11054,neutral
11057,neutral
11104,sad
11112,neutral
11137,surprise
11143,happy
11146,sad
1116,sad
1128,surprise
1133,sad
11353,neutral
11360,happy
1137,sad
11381,sad
11412,fear
11416,sad
11471,sad
11536,surprise
1154,happy
11559,happy
11587,sad
11653,surprise
11682,neutral
11687,sad
1169,neutral
11704,surprise
11706,sad
11727,sad
11729,sad
11747,neutral
11754,sad
11774,neutral
11816,neutral
11855,angry
11904,neutral
1193,surprise
11944,angry
11968,surprise
11999,sad
12063,neutral
12125,sad
12255,happy
12259,happy
12313,surprise
12334,happy
12350,surprise
12383,sad
12431,surprise
12440,sad
12472,neutral
12496,sad
12527,happy
12578,happy
12592,angry
12634,angry
12674,sad
12676,happy
12698,surprise
12712,sad
12737,surprise
12809,sad
12891,sad
12948,sad
12986,sad
12988,fear
13067,sad
13071,neutral
131,sad
13114,sad
13121,happy
13152,neutral
13179,sad
13233,sad
1325,surprise
13250,angry
13252,sad
13301,sad
13306,angry
13308,sad
13310,angry
13362,sad
13394,neutral
13405,sad
1343,happy
13482,neutral
13486,sad
13518,sad
13549,surprise
13561,surprise
13585,surprise
13587,happy
13593,sad
13596,happy
13638,sad
13664,surprise
1367,sad
13683,neutral
13694,surprise
13798,surprise
13855,sad
1389,happy
13899,sad
13913,sad
13921,sad
13928,neutral
13933,neutral
13939,surprise
13965,happy
13971,neutral
1401,neutral
14011,surprise
14033,neutral
14037,sad
14044,happy
14057,happy
14082,fear
1410,surprise
14114,sad
14117,sad
14268,fear
1429,angry
14306,sad
1441,sad
14444,sad
14452,sad
14509,sad
14529,surprise
14551,happy
14605,sad
14620,fear
14637,happy
1465,sad
14722,fear
1474,sad
14744,happy
14747,sad
14786,sad
14789,sad
148,neutral
1485,surprise
14891,surprise
14987,sad
15001,sad
15012,sad
15040,fear
1506,sad
15088,sad
15134,fear
15191,happy
15198,fear
15260,happy
15268,sad
15279,sad
15280,sad
1534,angry
15503,happy
15539,neutral
15544,surprise
15578,fear
15615,surprise
15622,angry
15663,sad
15668,angry
15678,angry
1576,sad
15778,neutral
15859,sad
15870,sad
15881,surprise
15921,fear
15950,neutral
15984,happy
1599,neutral
15999,neutral
16039,sad
1606,fear
16071,neutral
16113,sad
16134,surprise
16226,sad
16277,sad
16318,surprise
16330,fear
16346,surprise
16374,surprise
16395,sad
16429,sad
16440,neutral
16450,surprise
16486,happy
16489,angry
16501,neutral
16503,neutral
16523,sad
16539,sad
1654,happy
16559,happy
1657,sad
1660,sad
16609,sad
16632,happy
16674,sad
16775,neutral
16788,surprise
16802,neutral
16811,neutral
16830,surprise
16915,sad
16930,sad
16954,neutral
16977,sad
16990,fear
17105,happy
17107,happy
17114,angry
17180,happy
17191,happy
17213,sad
17217,sad
1722,surprise
17236,happy
1727,sad
17314,sad
17334,sad
17369,neutral
17449,sad
17479,angry
17503,angry
17550,sad
17558,sad
1756,neutral
17587,angry
17631,sad
17668,sad
17685,neutral
17707,sad
17710,happy
17762,sad
17816,happy
17831,happy
17834,happy
17901,angry
17930,surprise
17932,sad
17934,sad
1796,sad
1799,sad
18006,angry
18010,sad
18068,sad
18073,surprise
18104,fear
18106,happy
18108,surprise
18117,surprise
18148,neutral
18203,happy
18291,happy
18299,happy
18309,surprise
18317,neutral
18325,sad
18336,sad
18364,neutral
1838,surprise
18404,happy
18513,sad
18517,happy
18523,sad
18527,surprise
18542,angry
18569,angry
1857,neutral
18574,neutral
18641,happy
18713,sad
1873,surprise
18753,sad
18757,happy
18763,fear
18905,neutral
18908,sad
18911,surprise
18960,sad
18974,angry
18976,sad
18984,sad
19000,neutral
19020,sad
19064,neutral
19089,surprise
19119,sad
19188,sad
19216,sad
19226,neutral
19235,surprise
19252,sad
1929,happy
19349,neutral
1939,neutral
19454,sad
19473,sad
19497,neutral
19559,angry
19599,angry
19612,happy
19644,neutral
19682,sad
19740,sad
19754,sad
19810,sad
19841,happy
1986,surprise
19888,sad
19896,neutral
19897,sad
19995,happy
200,sad
20037,neutral
20058,sad
20062,sad
20083,happy
20135,neutral
20194,surprise
20214,sad
20265,happy
20337,neutral
20411,sad
20424,fear
20450,surprise
20461,happy
2047,sad
20476,happy
20495,happy
20508,surprise
20526,happy
20579,sad
20598,angry
20617,neutral
20715,sad
20831,neutral
20843,happy
20851,sad
20897,sad
20970,sad
2098,sad
21,neutral
21070,happy
21101,angry
21102,surprise
21227,surprise
21230,sad
21250,happy
21269,happy
21280,happy
21352,sad
21360,sad
21387,sad
21420,sad
21464,sad
21499,neutral
21500,fear
21556,surprise
21559,neutral
21598,neutral
21615,sad
21654,angry
21686,angry
21697,happy
2178,happy
21833,surprise
21858,neutral
21877,sad
21946,sad
21967,neutral
22050,surprise
22074,fear
22102,sad
22130,surprise
22166,happy
2226,neutral
22326,surprise
22349,neutral
224,surprise
22458,sad
22485,sad
22520,surprise
22607,happy
22640,fear
22662,sad
22756,happy
22791,surprise
22827,surprise
22839,surprise
22840,neutral
22917,neutral
22944,happy
22988,sad
22997,neutral
23038,sad
23083,sad
23100,surprise
23126,fear
23142,happy
23184,angry
23192,happy
23209,sad
23260,happy
23305,surprise
23332,sad
23362,neutral
23368,neutral
23389,sad
23403,fear
23427,sad
23447,neutral
23463,sad
23477,sad
23517,happy
23540,sad
23561,angry
23566,happy
2357,sad
23718,surprise
23731,sad
23767,sad
23778,sad
2378,fear
23791,sad
2391,sad
24016,sad
24035,neutral
24088,neutral
24089,neutral
24131,neutral
2416,sad
24165,neutral
24185,happy
24213,fear
24220,neutral
2426,neutral
24452,sad
24479,sad
24482,neutral
24539,sad
24554,happy
24562,neutral
24579,happy
24621,sad
24625,happy
24694,angry
24721,happy
24753,sad
24763,neutral
24778,happy
24822,sad
24880,neutral
24948,neutral
24963,sad
24978,sad
24991,happy
25045,angry
25046,sad
25061,sad
25074,surprise
25108,sad
25109,sad
25133,sad
25162,happy
25191,neutral
25202,sad
25220,sad
25242,neutral
25247,sad
25298,happy
25306,sad
25327,sad
25359,sad
25439,happy
25481,sad
25496,neutral
25555,sad
25570,surprise
25577,sad
25590,sad
25605,neutral
25621,sad
25638,sad
25647,happy
25710,fear
258,sad
25820,neutral
25914,neutral
2592,neutral
2593,happy
26082,neutral
26091,sad
26097,sad
26131,neutral
26210,sad
26250,surprise
26275,happy
26283,sad
26363,sad
26377,sad
26385,happy
26394,happy
264,sad
26402,sad
26409,surprise
2641,sad
26454,angry
26469,surprise
2651,neutral
2657,neutral
26582,neutral
26726,sad
2681,angry
26842,neutral
26895,neutral
26916,sad
26927,angry
26973,fear
26980,sad
270,sad
27006,neutral
27077,happy
27094,sad
27098,surprise
27103,fear
27145,happy
27300,fear
27308,neutral
27359,fear
27363,neutral
27369,sad
27488,sad
27503,sad
27509,sad
27591,happy
27635,happy
27709,sad
27764,sad
27772,sad
27806,sad
27846,sad
27868,neutral
27889,surprise
2789,sad
27899,sad
27910,sad
27937,angry
28050,angry
28101,neutral
28189,sad
28210,neutral
28243,sad
28267,happy
28308,sad
28331,angry
28417,angry
28453,neutral
28503,fear
28515,surprise
28548,surprise
2858,neutral
2860,neutral
28627,happy
28701,neutral
28704,surprise
28724,fear
28729,neutral
28734,sad
28859,sad
29005,happy
29026,happy
29027,happy
29043,fear
2906,sad
29068,happy
29126,neutral
29152,sad
29219,happy
2927,neutral
29284,sad
29285,sad
29291,happy
29315,sad
29327,sad
29349,surprise
29389,angry
29478,sad
29528,neutral
29536,sad
29603,surprise
29629,neutral
29674,angry
297,happy
29701,sad
29709,sad
29713,neutral
29720,fear
29731,neutral
29733,sad
29735,happy
29738,neutral
29795,sad
29869,sad
2987,happy
29871,angry
2988,surprise
29892,sad
29912,sad
29924,sad
29990,neutral
3000,happy
30062,happy
30074,sad
30196,happy
30206,neutral
30237,sad
30253,sad
30316,sad
30333,sad
3036,sad
30482,sad
30564,sad
3057,sad
30594,surprise
30638,sad
30735,surprise
30774,fear
30798,happy
3087,sad
30936,sad
31007,neutral
31105,sad
31107,happy
31116,surprise
3112,sad
31130,neutral
31157,neutral
31159,surprise
31188,sad
3124,happy
31286,neutral
31330,fear
31341,angry
31357,surprise
31375,sad
31395,sad
31398,happy
314,fear
31421,sad
31461,neutral
31526,sad
31535,happy
31569,surprise
31625,surprise
31638,sad
31655,sad
3170,surprise
31738,sad
31782,fear
31821,fear
31855,angry
31860,neutral
31866,happy
31903,surprise
31916,happy
31940,sad
31954,sad
31973,sad
31979,sad
32076,neutral
32097,sad
32103,sad
32180,sad
32279,fear
32323,sad
32349,angry
32351,happy
32438,sad
32461,fear
32463,neutral
32485,sad
32507,sad
32551,sad
32569,surprise
32619,neutral
32623,angry
32642,sad
32682,neutral
32688,sad
3269,surprise
32692,sad
32696,surprise
32758,sad
32766,sad
32799,surprise
32829,sad
32876,sad
32879,sad
32889,angry
32931,happy
32940,surprise
32941,neutral
32946,sad
3296,sad
3297,sad
32996,neutral
33007,happy
33051,neutral
33097,happy
3314,sad
33215,sad
33258,sad
33299,happy
33358,sad
33390,angry
33410,angry
33419,happy
33440,surprise
33490,sad
33519,sad
33535,sad
33548,sad
33559,sad
33587,sad
33608,happy
33617,fear
33644,happy
33673,surprise
33674,neutral
33701,sad
33718,sad
33806,sad
33855,sad
3391,surprise
33919,sad
33940,angry
340,sad
3402,sad
34024,surprise
34063,neutral
3409,happy
34097,sad
341,happy
34100,sad
34117,neutral
34120,happy
34143,neutral
34201,angry
34277,sad
34325,happy
34356,sad
34382,neutral
34396,sad
34415,sad
34462,sad
34465,angry
34522,happy
34545,happy
34613,sad
34656,happy
34659,fear
34675,neutral
3472,neutral
34730,happy
34755,surprise
34878,surprise
34897,neutral
34968,sad
34972,sad
35022,sad
35120,sad
35151,surprise
35202,neutral
35207,happy
35230,surprise
35238,happy
35250,happy
35257,sad
35279,neutral
35322,neutral
35334,sad
35362,angry
35363,happy
35394,sad
35410,sad
35427,sad
35453,fear
35541,sad
35592,surprise
35629,happy
3565,sad
35697,surprise
35709,angry
3584,neutral
35851,surprise
3601,neutral
3645,sad
365,angry
3709,surprise
3714,neutral
3719,fear
3722,sad
3736,happy
3739,sad
3742,neutral
3783,neutral
3785,sad
3836,sad
3837,sad
3985,happy
4033,neutral
4040,sad
4064,sad
4098,neutral
414,surprise
418,happy
4200,surprise
4217,sad
4234,neutral
4296,sad
4308,sad
4316,surprise
4340,sad
4411,fear
4453,sad
4516,surprise
452,angry
4523,happy
454,sad
4540,happy
4547,happy
460,sad
4650,fear
4821,happy
483,sad
4858,surprise
4901,sad
4917,sad
4975,surprise
4979,sad
4986,surprise
500,neutral
5023,surprise
504,sad
507,surprise
5074,sad
5097,sad
5117,happy
5184,sad
5222,sad
5253,surprise
5263,fear
5283,sad
5360,neutral
538,sad
546,sad
5472,sad
5514,surprise
5567,neutral
5622,fear
5638,neutral
5654,sad
5717,sad
5736,surprise
5809,fear
5858,sad
5957,angry
5961,sad
5989,happy
5992,happy
6035,happy
6037,surprise
6054,sad
6059,neutral
6062,sad
6064,sad
6091,surprise
6106,happy
6152,sad
6153,sad
6176,surprise
6179,sad
6214,surprise
6311,fear
6345,neutral
6346,happy
6366,surprise
6469,happy
6495,neutral
6515,angry
6608,sad
6732,fear
6747,sad
6808,surprise
6814,sad
6876,sad
689,sad
6902,sad
6909,fear
6973,surprise
6988,happy
7027,sad
7038,neutral
7102,sad
712,sad
7129,surprise
7146,sad
7150,sad
7158,sad
7182,sad
7270,sad
7271,sad
729,surprise
73,fear
7302,surprise
7305,sad
7350,neutral
7394,sad
741,neutral
7517,angry
7542,surprise
7580,neutral
7681,surprise
7684,sad
7748,angry
7749,sad
7756,sad
7786,neutral
7819,sad
7846,sad
7875,happy
7894,neutral
794,neutral
7980,angry
8035,fear
8040,sad
8043,sad
8067,neutral
8119,sad
8163,neutral
8177,happy
8178,sad
8239,happy
8350,fear
8433,sad
8454,sad
8474,fear
8481,neutral
85,neutral
8556,sad
859,fear
8611,happy
8637,sad
8645,surprise
8672,sad
872,sad
8754,happy
8795,happy
8797,sad
8818,surprise
886,neutral
9037,happy
9040,angry
9101,happy
911,sad
9179,neutral
9205,neutral
9232,fear
9251,surprise
9261,neutral
9281,sad
9302,sad
9333,happy
9369,surprise
9370,happy
9474,sad
949,sad
9602,angry
9606,sad
9842,happy
9898,sad
10019,sad
10023,sad
10074,happy
10096,happy
10106,happy
10126,sad
10138,happy
10141,fear
1020,happy
10218,happy
10237,happy
10248,happy
10257,happy
1027,happy
10273,neutral
10276,happy
10312,happy
10317,happy
10344,happy
10362,happy
10367,happy
10370,happy
10432,happy
10456,sad
10467,happy
10468,sad
10480,sad
10528,happy
10540,sad
10552,happy
1056,sad
10571,sad
1058,happy
10622,happy
10638,fear
10640,happy
10644,sad
10647,sad
10683,happy
10703,sad
1074,sad
10770,happy
10773,neutral
10792,happy
1081,happy
10811,neutral
10841,angry
10879,fear
10903,happy
10935,sad
10956,happy
10992,happy
11019,happy
1111,neutral
11150,happy
11208,happy
1121,happy
11236,happy
1130,happy
11345,sad
11349,happy
11392,happy
1141,happy
11500,happy
11508,sad
11516,happy
1152,happy
11530,happy
11549,angry
11552,happy
11558,happy
11573,neutral
11575,happy
11588,sad
1159,happy
11594,happy
11604,sad
11614,happy
11637,sad
11646,happy
11658,happy
11717,happy
11733,happy
11763,happy
11766,happy
11772,sad
11785,happy
11793,happy
11808,happy
11814,happy
11819,happy
11835,surprise
11842,angry
11850,sad
11885,happy
11927,happy
12011,happy
1202,happy
12024,happy
12098,angry
12120,happy
12129,neutral
12141,happy
12191,happy
12239,happy
12257,sad
12284,happy
12321,happy
12329,happy
12349,happy
12359,happy
12376,happy
12379,neutral
12381,happy
12410,happy
1246,happy
12487,happy
12492,sad
12497,surprise
12557,happy
12560,happy
12581,happy
12600,happy
12611,happy
12672,happy
12705,sad
12725,happy
12729,sad
12772,sad
12776,happy
12789,happy
12861,happy
12904,happy
12936,neutral
12951,happy
12956,happy
12957,happy
13037,surprise
13073,happy
1309,happy
13105,happy
13108,sad
13127,neutral
13139,happy
13151,sad
1316,happy
13204,happy
13228,happy
13283,happy
13317,sad
13322,happy
1334,sad
13348,sad
13353,sad
13363,happy
13366,fear
13385,angry
1341,happy
13427,happy
13428,happy
13449,happy
13456,happy
13476,happy
13502,happy
13526,happy
13528,happy
13570,happy
13584,happy
13590,happy
13615,sad
13618,happy
13655,happy
13703,happy
13706,happy
13715,happy
13757,happy
13761,neutral
13792,happy
13802,happy
1381,happy
13833,sad
13848,happy
13874,happy
13877,happy
139,happy
13911,happy
13912,surprise
13925,happy
1395,sad
13955,sad
13968,fear
13969,happy
13991,sad
14063,happy
14092,happy
141,neutral
14139,happy
14152,happy
14155,sad
14169,happy
14236,happy
14278,happy
14282,happy
14292,happy
14310,happy
14314,happy
14327,happy
14348,sad
14360,happy
14371,happy
14378,happy
14419,fear
14427,happy
14448,neutral
14473,happy
14475,happy
14516,happy
14517,sad
14518,sad
14546,happy
14586,happy
14593,sad
14611,happy
14700,happy
14730,happy
14757,happy
14759,neutral
14792,neutral
14877,happy
1491,sad
14965,sad
14973,sad
15039,happy
15060,happy
15077,sad
15099,happy
1512,happy
15147,happy
15181,happy
15212,happy
15216,sad
15221,happy
15229,happy
15257,happy
15269,sad
15271,happy
15292,happy
15310,neutral
15323,sad
15331,happy
15335,sad
1538,happy
15397,happy
15400,sad
15409,happy
15426,sad
15432,happy
15438,happy
15443,happy
15455,sad
15494,neutral
15520,neutral
15523,surprise
15589,happy
15616,happy
15621,happy
15677,happy
15708,happy
15758,happy
15767,happy
15791,surprise
15843,happy
15854,happy
15885,sad
15910,happy
15966,sad
15976,happy
15983,sad
16037,sad
16042,happy
16064,happy
16076,happy
16081,happy
16106,happy
16108,happy
16120,happy
16141,happy
16192,sad
16198,happy
16238,happy
16275,happy
1628,happy
16308,happy
16370,happy
16375,happy
1640,happy
16407,sad
16423,happy
16444,happy
16460,happy
16511,sad
16550,happy
16562,happy
16583,happy
16588,sad
16596,angry
16604,happy
16611,happy
16619,sad
16633,happy
16649,happy
16667,happy
16699,happy
167,happy
1670,neutral
16700,happy
16712,sad
16734,sad
16738,happy
16751,angry
16752,sad
16759,sad
16770,happy
16795,happy
16799,happy
16809,happy
16818,happy
16952,happy
16967,happy
16971,sad
1699,sad
17002,surprise
17007,neutral
17010,sad
17021,sad
17022,happy
17032,happy
1704,happy
17041,happy
1707,sad
17098,happy
17104,sad
17117,happy
17188,happy
17194,happy
17207,happy
17220,happy
17319,happy
17367,sad
17381,happy
17397,happy
17402,happy
17447,happy
17462,neutral
17470,surprise
17484,sad
17485,happy
17494,happy
17498,happy
17506,happy
17524,happy
17541,neutral
17543,happy
17552,happy
17609,happy
17624,happy
17654,happy
1768,happy
17682,happy
17684,sad
17692,happy
17694,happy
17698,happy
1770,happy
17715,happy
17772,happy
17799,happy
17802,neutral
17821,happy
1787,happy
17904,happy
1793,happy
17936,happy
18016,happy
18018,happy
18025,neutral
18033,happy
18037,happy
18080,happy
18082,sad
1815,happy
18165,happy
18173,happy
18205,happy
18226,happy
18237,happy
18245,happy
18249,sad
18250,happy
18256,sad
18259,surprise
18297,happy
18308,happy
18383,happy
18405,happy
18424,sad
18425,happy
18442,happy
18443,happy
18471,happy
18476,happy
18483,happy
18487,happy
18503,happy
18505,happy
18531,happy
18541,sad
18556,happy
18568,sad
18578,happy
18655,happy
18662,happy
1869,happy
187,happy
18700,neutral
18729,happy
18783,sad
18822,happy
18827,sad
18834,happy
18835,happy
18849,happy
18861,happy
1887,happy
18873,happy
18885,happy
18898,happy
18904,fear
18930,happy
18944,happy
18948,happy
18952,happy
19008,happy
19012,happy
19025,neutral
19056,sad
19062,happy
19063,sad
19074,sad
19105,happy
19127,sad
19130,happy
19132,happy
19137,sad
19148,happy
19160,neutral
19162,happy
1919,angry
192,surprise
1920,happy
19210,happy
19245,happy
19263,happy
19269,happy
19284,happy
19291,sad
19317,happy
19318,happy
19323,happy
19346,happy
19357,sad
19370,happy
19377,happy
19378,happy
1938,happy
19398,happy
19402,happy
19438,happy
19449,sad
19478,sad
19492,happy
19496,happy
19499,happy
19514,happy
1953,happy
19536,happy
19548,happy
19568,sad
19589,neutral
19597,happy
196,happy
19600,happy
19605,sad
19668,happy
19680,happy
19696,happy
19700,sad
19709,happy
19711,sad
1974,happy
19744,sad
19747,happy
19748,happy
19768,happy
19803,sad
19837,happy
19883,happy
19889,happy
19918,sad
19957,sad
19958,happy
19962,happy
19968,happy
2001,sad
20023,happy
20025,happy
20032,happy
20039,happy
20048,happy
20091,happy
20111,happy
2012,happy
20120,happy
20122,happy
20140,happy
20155,sad
20165,happy
20181,happy
20196,happy
20208,sad
20213,sad
20216,neutral
20218,happy
20229,happy
20239,sad
20252,angry
20267,happy
20285,happy
20296,sad
20318,happy
20355,happy
20365,happy
20371,sad
20377,happy
20412,sad
20430,happy
20445,happy
20490,happy
20500,happy
20507,happy
20519,happy
20547,happy
20561,happy
20567,happy
2058,happy
20580,happy
20595,happy
20616,happy
2064,happy
20666,neutral
20675,happy
20684,happy
20685,happy
2069,happy
20745,happy
20821,happy
20829,sad
20850,happy
20857,sad
20865,sad
20866,happy
20889,happy
20918,happy
20941,happy
20945,happy
20949,happy
20958,happy
20972,angry
20984,sad
20988,happy
20994,sad
210,happy
21006,sad
21027,happy
21033,happy
21077,angry
21097,neutral
21098,happy
21120,happy
21143,sad
21177,happy
21185,happy
2120,surprise
21200,neutral
2122,happy
21235,sad
21292,happy
213,happy
21305,happy
21316,happy
21348,happy
2135,neutral
2137,happy
21376,happy
21384,happy
21394,happy
21439,sad
21441,happy
21460,happy
21473,happy
21483,angry
21501,neutral
2152,sad
21524,happy
21538,happy
21574,happy
2159,happy
21593,happy
21602,sad
21605,happy
21618,happy
21699,happy
21708,happy
21750,happy
21778,sad
21783,neutral
21787,happy
2182,happy
21825,sad
21835,happy
2184,happy
21846,angry
21876,happy
21899,happy
21927,happy
21942,sad
21943,happy
21961,sad
21990,neutral
2204,happy
22056,neutral
22064,sad
22080,happy
22097,happy
22111,sad
22138,angry
22140,happy
22150,happy
22154,happy
22178,angry
22179,happy
22191,happy
22194,happy
22201,happy
22247,happy
22289,sad
22290,happy
22301,sad
2231,happy
22340,happy
22346,happy
22347,happy
22351,happy
22380,happy
22388,happy
22395,happy
22424,happy
22459,happy
22466,happy
22506,happy
22532,happy
22545,sad
22560,happy
22574,happy
22600,happy
22604,sad
22612,sad
22614,happy
22671,happy
22679,happy
22711,happy
22750,happy
22754,sad
22763,happy
22778,happy
22784,happy
22804,happy
22805,happy
2282,happy
22834,sad
2284,happy
22863,neutral
2287,happy
22894,happy
22900,happy
22910,happy
2293,happy
22935,sad
22991,happy
23028,sad
2305,happy
2307,happy
2308,happy
23096,happy
23101,sad
23114,happy
23122,happy
23170,sad
23238,happy
2324,angry
2327,happy
23293,sad
23319,happy
23320,sad
23321,sad
23334,happy
23377,happy
23380,happy
23381,happy
23419,happy
23440,sad
23453,happy
23462,sad
2350,happy
23501,happy
23525,happy
23555,happy
23559,sad
23572,happy
23590,happy
23612,happy
23621,sad
23664,happy
23667,neutral
2374,happy
2377,happy
23770,happy
23786,sad
23801,happy
23813,happy
23848,happy
23862,happy
23865,neutral
23866,happy
23891,happy
23897,happy
23920,happy
23933,happy
23946,sad
24027,fear
2403,sad
24054,neutral
24055,happy
24077,sad
24079,happy
24099,neutral
2411,sad
24123,happy
24137,happy
24148,happy
24161,happy
24189,happy
24200,sad
2421,happy
24211,happy
24219,neutral
24224,happy
2424,happy
24241,happy
24259,surprise
24263,fear
24286,happy
24289,happy
24292,happy
24297,happy
24299,happy
24340,happy
24354,happy
24355,happy
2436,sad
24360,sad
24380,happy
24390,happy
24391,happy
24393,happy
24395,happy
24410,happy
24465,happy
24492,sad
2450,happy
24509,happy
24521,happy
24530,happy
24535,happy
24536,happy
24570,sad
24607,sad
24633,sad
24652,happy
24656,happy
24680,happy
24692,sad
24699,happy
247,happy
24718,neutral
2472,happy
24731,neutral
24747,happy
24764,happy
24769,surprise
24777,happy
24783,happy
24823,neutral
2483,happy
24845,happy
24884,sad
24906,happy
24910,happy
2492,happy
24942,happy
24946,happy
25006,happy
25017,sad
25028,happy
25037,sad
25039,happy
25048,sad
25058,happy
25123,happy
25163,happy
25180,happy
25186,happy
25199,happy
25223,happy
25271,happy
25275,neutral
25287,happy
25322,happy
25328,happy
25337,happy
25342,happy
25383,happy
25396,neutral
25414,happy
25420,happy
25431,happy
25438,angry
25443,happy
25454,sad
25472,happy
25517,sad
25533,happy
2554,happy
2556,happy
25578,happy
2559,happy
25602,happy
25604,happy
25649,happy
25652,happy
25658,neutral
25686,happy
25705,happy
25714,happy
25719,neutral
25720,happy
25744,happy
25747,happy
25759,happy
25775,neutral
25809,happy
25839,happy
25887,happy
25902,happy
25927,fear
25937,happy
25949,sad
25993,happy
26018,happy
2603,sad
26032,happy
26034,happy
26046,happy
26077,surprise
26098,happy
26107,happy
2611,happy
26159,happy
26160,happy
26169,happy
2620,happy
26212,happy
26224,happy
2629,happy
26338,happy
26370,happy
26397,happy
2640,happy
26456,happy
26459,happy
26468,happy
26477,happy
2649,happy
26511,happy
2655,happy
26563,happy
26578,angry
26660,happy
26665,happy
26667,neutral
26676,angry
26703,happy
26720,neutral
26736,happy
26775,happy
2678,happy
26819,happy
26840,happy
26850,surprise
26873,happy
26888,happy
26891,happy
26906,happy
26909,neutral
26913,happy
26935,happy
26960,happy
26963,happy
26967,happy
26978,happy
26981,happy
27048,happy
27051,happy
27105,sad
27106,happy
27128,happy
27140,happy
27152,happy
27162,happy
27172,happy
27187,angry
27196,sad
27197,happy
27204,neutral
27212,happy
27227,happy
27246,happy
27277,happy
27294,happy
2730,happy
27326,happy
27333,happy
27334,happy
27365,happy
27367,happy
27404,happy
27407,sad
27426,happy
27446,happy
2745,happy
27452,happy
27474,happy
27508,sad
2754,happy
27554,sad
27563,surprise
27575,happy
27616,sad
27619,happy
27625,happy
27636,happy
27645,happy
27647,neutral
27648,sad
27662,neutral
27671,happy
27675,angry
27701,happy
2771,happy
2774,happy
27779,happy
27823,sad
27854,happy
2790,happy
27928,happy
27931,happy
27932,happy
27940,happy
27944,sad
27949,happy
2796,happy
28040,happy
28046,neutral
2805,happy
2806,angry
2810,happy
28105,happy
28108,sad
28115,happy
28138,happy
28140,sad
2816,sad
2820,happy
28249,happy
28256,happy
28264,happy
28273,happy
28282,happy
28367,sad
28376,happy
28379,happy
28383,happy
28415,sad
28474,happy
28502,neutral
28522,happy
28529,happy
2857,happy
28581,happy
28590,happy
28594,happy
28600,happy
2861,happy
28632,happy
2867,happy
28676,happy
28688,happy
28772,surprise
28797,fear
28807,happy
28814,neutral
2885,happy
28871,happy
28897,happy
28928,happy
28934,happy
28938,sad
28949,happy
28954,happy
28955,happy
28962,happy
28963,happy
28982,happy
29003,happy
29019,happy
29020,angry
29067,sad
29071,sad
29074,happy
29111,happy
29123,happy
2913,happy
29185,happy
29211,happy
29214,sad
29248,sad
29258,sad
29290,sad
2930,happy
29300,happy
29329,happy
29365,happy
29370,neutral
2938,happy
29398,happy
29415,happy
29423,sad
29456,happy
29460,happy
29464,happy
29467,happy
29475,sad
2948,happy
29504,happy
29555,happy
29578,happy
29589,happy
29645,happy
29647,happy
29648,happy
29649,sad
2965,happy
29680,happy
29697,happy
29699,neutral
29707,sad
29724,sad
29766,sad
29769,happy
29773,happy
29821,happy
29834,happy
29844,angry
2985,happy
29889,happy
29919,happy
29979,happy
29981,happy
29987,happy
29991,happy
30,happy
30006,happy
30016,happy
30069,sad
30099,happy
3010,happy
30102,happy
30114,happy
30119,happy
30127,happy
30143,sad
3016,happy
30164,happy
30188,neutral
30193,happy
30216,happy
3022,happy
30221,happy
3024,happy
30241,happy
30245,happy
3029,happy
30297,sad
30328,happy
30332,happy
30337,happy
30338,happy
30341,happy
30400,happy
30407,happy
30424,happy
30478,sad
30585,happy
30646,happy
30651,happy
30652,happy
30661,happy
30675,happy
30683,happy
30689,happy
3069,happy
30704,happy
30728,sad
30737,happy
30738,surprise
30749,happy
3077,happy
30772,sad
30779,happy
30793,happy
30808,sad
30820,happy
30822,happy
30823,happy
30825,happy
3083,happy
30830,happy
30835,happy
30851,happy
30855,sad
30856,neutral
3086,happy
30871,happy
30893,sad
30909,happy
30948,happy
30951,happy
30961,happy
30962,sad
30965,sad
30981,happy
31010,sad
31029,sad
31043,happy
31056,happy
3106,happy
31080,happy
31101,happy
31112,sad
31137,happy
31140,happy
31141,happy
31145,happy
3117,happy
3120,happy
31209,happy
31239,happy
31285,happy
31295,happy
3131,happy
31316,happy
3132,happy
31366,happy
3138,happy
31384,happy
3144,happy
31440,happy
3146,happy
31542,happy
31551,happy
31571,happy
31572,happy
3162,neutral
31627,happy
31629,happy
31659,sad
31697,happy
31742,happy
31752,happy
31806,happy
31811,happy
3182,happy
31833,happy
31853,happy
31858,happy
31870,neutral
31897,sad
31908,happy
31929,surprise
31952,fear
31977,happy
31987,angry
32046,happy
32047,happy
32048,happy
32051,angry
3209,neutral
32142,happy
32144,happy
3215,sad
32177,happy
32248,happy
32344,happy
32354,happy
32372,happy
32377,sad
32382,happy
32388,happy
32402,happy
32439,happy
3245,neutral
325,happy
3250,happy
32541,happy
32544,happy
32568,happy
32570,surprise
32574,happy
32595,happy
3260,happy
32607,happy
32614,happy
32624,fear
32627,happy
32684,happy
32725,happy
32763,happy
32769,happy
32773,happy
3278,happy
32796,happy
32826,happy
32835,happy
32837,happy
32838,happy
32849,happy
32913,happy
32917,happy
32950,happy
32952,happy
32953,happy
32958,happy
32973,happy
32993,happy
32997,happy
32998,happy
33016,happy
33017,happy
33024,happy
33046,happy
33065,sad
33066,happy
33071,sad
33084,neutral
33091,sad
33094,happy
331,happy
3313,happy
33144,happy
33174,happy
33175,happy
3318,happy
33188,happy
33212,happy
33216,happy
33228,happy
33231,sad
33240,sad
33268,angry
33283,happy
333,happy
33319,happy
33320,sad
33322,happy
33326,surprise
33343,happy
33357,happy
33366,happy
33375,happy
33407,happy
33423,happy
33455,happy
33460,neutral
33463,happy
33518,happy
33525,happy
33530,happy
33533,angry
33544,sad
33564,sad
33610,happy
33648,sad
33660,happy
33675,happy
33690,happy
33727,happy
33757,happy
33762,fear
33802,happy
33807,neutral
33842,neutral
33853,happy
33874,happy
33915,happy
33917,happy
33933,happy
33938,happy
33981,surprise
34015,happy
34049,happy
34057,happy
34098,happy
3410,happy
34102,happy
3411,angry
34119,sad
34129,happy
3414,happy
34170,happy
34219,happy
3422,happy
34226,happy
34234,sad
34244,happy
34257,happy
34295,happy
34302,happy
3431,happy
34316,happy
34361,happy
34375,neutral
34386,happy
34397,happy
34412,happy
34435,happy
34437,happy
34464,happy
34468,happy
3447,sad
34471,fear
34483,happy
34498,happy
34510,sad
3452,happy
34567,happy
34569,happy
34585,sad
34599,happy
34600,happy
34644,sad
34645,happy
34649,sad
3465,happy
34688,surprise
34720,happy
34724,happy
34737,happy
34753,happy
34756,happy
34759,happy
34761,happy
34768,happy
34772,happy
34829,happy
34836,angry
34840,happy
34841,happy
34861,happy
34941,sad
34965,happy
34969,happy
34978,sad
35101,sad
35117,angry
35142,happy
35153,happy
35163,happy
35177,happy
35199,happy
35200,happy
35209,sad
35226,neutral
35291,happy
35321,happy
35341,sad
35346,happy
35364,happy
35369,sad
35370,happy
35372,happy
3538,happy
3543,happy
35454,sad
35481,happy
35497,happy
35520,neutral
35536,neutral
35547,happy
35552,sad
35559,happy
35582,happy
35598,happy
356,happy
35603,happy
35659,neutral
35664,happy
35677,happy
35685,sad
35698,neutral
3570,neutral
35707,happy
35721,happy
35724,happy
3574,sad
35767,happy
35771,happy
35787,sad
35792,angry
35794,happy
35804,happy
35850,happy
35856,sad
35860,happy
35869,happy
3590,happy
3647,sad
366,happy
3662,happy
3663,sad
370,angry
3755,neutral
3763,happy
3766,neutral
3772,sad
3811,sad
3818,happy
3842,happy
3875,happy
3891,angry
3906,happy
3958,happy
3959,sad
3969,sad
3977,fear
3978,happy
3982,sad
4029,happy
4041,happy
4084,happy
4090,happy
4094,happy
41,neutral
4107,happy
4114,happy
4133,sad
4156,sad
4159,happy
4165,happy
4169,happy
4174,happy
4182,happy
4185,sad
4226,sad
4248,happy
4264,happy
4269,happy
4284,happy
4295,neutral
4345,surprise
4363,happy
4366,happy
440,happy
4433,happy
446,angry
4480,happy
4485,sad
4492,happy
4506,happy
4526,happy
4549,happy
4558,happy
4576,happy
4580,sad
4589,happy
4606,happy
4607,happy
4620,happy
4634,happy
4640,happy
4649,happy
4653,sad
4666,sad
478,sad
4786,happy
4791,sad
4797,sad
4803,sad
4814,happy
4827,happy
4832,sad
4849,happy
485,sad
487,sad
4910,happy
4948,sad
4980,happy
4988,happy
4996,sad
5006,happy
5008,happy
5048,happy
5062,happy
5089,sad
5102,happy
5127,happy
5154,sad
5176,happy
5209,happy
5264,sad
5269,happy
527,happy
5278,happy
5279,happy
5289,happy
5293,sad
5303,happy
531,sad
5318,happy
5340,happy
5356,sad
5417,happy
5445,happy
5452,happy
5468,happy
5477,happy
5490,sad
5493,sad
5523,happy
553,happy
5548,happy
5558,sad
5594,happy
5618,happy
5674,happy
568,happy
5694,happy
5705,sad
5714,happy
5719,happy
5753,happy
5766,sad
5783,happy
5797,happy
5800,happy
5807,happy
5812,happy
5835,sad
5857,happy
5891,happy
5904,angry
5919,happy
594,happy
5942,happy
5954,happy
5968,happy
5977,sad
5988,happy
6029,happy
6045,happy
6052,happy
6095,happy
6110,happy
6123,happy
613,sad
6136,sad
6169,happy
6175,happy
6183,happy
62,happy
620,happy
6206,sad
6217,happy
6246,happy
6272,happy
628,sad
629,happy
6368,happy
6378,happy
639,sad
6394,happy
6403,happy
6416,happy
6444,happy
6457,happy
6473,happy
6500,happy
6522,happy
6532,sad
655,sad
657,happy
6577,happy
659,happy
6603,happy
6616,neutral
6677,happy
6686,happy
6689,happy
6691,happy
6700,happy
6703,happy
674,sad
6744,happy
6759,happy
6776,angry
6784,fear
6792,sad
681,sad
6811,happy
6818,happy
6865,happy
690,happy
6914,happy
6928,surprise
693,sad
6935,happy
6977,happy
6989,angry
7017,happy
7020,happy
7026,happy
7029,sad
7065,happy
7080,happy
7100,neutral
7116,happy
7159,happy
7162,happy
7191,happy
7200,happy
721,happy
7244,happy
7245,happy
7292,sad
7299,happy
7333,happy
7335,happy
7366,sad
7379,sad
738,happy
7392,happy
7413,happy
7425,sad
7441,happy
7511,sad
7531,neutral
7532,happy
7537,fear
7548,sad
7561,sad
7590,happy
7603,happy
7659,angry
7664,happy
7672,happy
7674,happy
7680,happy
7700,happy
7702,happy
7712,happy
7713,happy
7737,happy
774,fear
7753,happy
7762,happy
7804,happy
7813,happy
7815,happy
7827,sad
7845,happy
7881,happy
7892,sad
7905,happy
7916,happy
7948,neutral
7975,sad
7986,happy
8,happy
80,happy
8020,sad
8027,sad
8034,happy
8049,happy
8065,happy
8082,happy
8086,happy
8089,happy
817,sad
8188,happy
8228,happy
8268,happy
8276,happy
8284,happy
8293,happy
8301,happy
8303,happy
8316,happy
8322,sad
8331,happy
8334,happy
8338,happy
8355,happy
8424,sad
8434,happy
8449,happy
8457,happy
8473,happy
8539,happy
8548,happy
8559,happy
856,happy
8649,sad
8657,happy
8662,happy
8677,happy
8682,happy
8691,surprise
8704,happy
873,happy
8753,happy
8756,happy
8762,angry
880,happy
8820,happy
8861,happy
8864,happy
8886,sad
8915,happy
8940,surprise
895,sad
8960,happy
897,happy
898,sad
8993,happy
9005,sad
906,sad
9060,happy
9070,fear
9071,happy
9085,happy
9094,happy
9147,happy
915,neutral
9152,happy
9167,happy
9174,sad
9180,happy
9202,happy
9206,happy
9222,happy
9246,happy
9272,angry
9286,happy
9371,happy
9392,happy
9412,neutral
9416,happy
942,happy
9437,sad
9442,happy
9476,happy
9486,happy
951,happy
9538,happy
9542,happy
9570,happy
9571,angry
9598,sad
9599,happy
9605,happy
9640,sad
9687,happy
973,happy
9774,happy
9800,happy
9833,sad
9845,sad
9865,happy
9890,happy
9893,happy
9897,sad
9901,happy
9933,angry
9977,happy
9979,happy
9984,sad
10033,neutral
10048,happy
10068,angry
10117,sad
10118,sad
10134,sad
10150,happy
10247,sad
10266,neutral
10346,happy
10406,sad
1045,happy
10512,neutral
10518,neutral
10533,neutral
10535,sad
10549,sad
10624,neutral
10634,neutral
10653,neutral
10676,neutral
10693,neutral
10715,sad
10741,sad
10774,neutral
10787,happy
10902,sad
10906,sad
10916,sad
10926,happy
1093,neutral
1094,neutral
1101,sad
11022,sad
11032,surprise
11034,sad
11038,sad
11055,neutral
11065,sad
11098,sad
11108,neutral
11130,neutral
11168,neutral
11180,happy
112,neutral
11213,neutral
11218,neutral
11233,sad
11251,sad
1126,happy
11269,sad
11277,neutral
11278,sad
11317,neutral
11358,sad
11390,sad
11395,sad
1142,neutral
11448,neutral
11462,happy
11491,sad
11518,neutral
11560,sad
11603,neutral
11654,sad
11660,happy
11686,neutral
11689,sad
11725,sad
11738,sad
11783,sad
11818,neutral
11823,happy
11834,neutral
11872,neutral
11875,sad
11889,surprise
1189,sad
11913,neutral
11928,sad
11977,happy
12042,neutral
1206,sad
12090,neutral
12096,neutral
12100,neutral
12106,sad
12116,sad
12117,neutral
12162,sad
12173,neutral
1220,neutral
12202,surprise
12215,sad
1222,happy
1227,sad
12272,neutral
12289,happy
12319,happy
12361,sad
12363,happy
12366,sad
12407,sad
12423,neutral
1248,sad
12500,sad
12508,neutral
12519,sad
12569,sad
12647,neutral
12801,neutral
12852,neutral
12869,neutral
12879,fear
12885,happy
12933,sad
12976,neutral
1300,sad
13047,sad
1313,neutral
13161,sad
13164,neutral
13188,sad
13212,sad
13237,fear
13242,neutral
1328,angry
13337,neutral
1336,neutral
1339,neutral
13409,sad
13411,neutral
13424,sad
13430,sad
13433,sad
13441,sad
13467,sad
13498,sad
135,neutral
13531,sad
13586,sad
13603,sad
13619,neutral
13633,sad
13644,neutral
13653,sad
13670,sad
13692,neutral
13695,sad
13800,sad
13808,sad
13825,surprise
13834,happy
13843,sad
13897,neutral
13909,happy
14047,neutral
1407,neutral
1411,happy
14113,neutral
14135,sad
14154,neutral
14170,happy
14174,happy
14175,sad
14187,neutral
14190,happy
14224,happy
14342,sad
14352,neutral
14362,sad
14406,neutral
14436,neutral
14481,angry
14487,sad
14495,neutral
14496,neutral
14513,neutral
14542,neutral
14550,happy
14564,happy
14641,surprise
14645,happy
14671,sad
14703,neutral
14717,neutral
14741,neutral
14859,fear
14867,neutral
14929,neutral
1493,neutral
14957,sad
14980,neutral
15007,neutral
15013,sad
15044,happy
15070,sad
15102,neutral
15106,sad
15120,neutral
15121,sad
15132,sad
15168,neutral
15193,neutral
15207,sad
15210,neutral
15220,sad
15248,happy
15293,happy
15333,neutral
15334,sad
15350,sad
15366,neutral
15387,neutral
15405,sad
15441,neutral
15445,neutral
15459,sad
15529,sad
15536,happy
15568,sad
15570,sad
15611,happy
15634,surprise
15638,sad
15651,happy
15686,neutral
15713,neutral
15716,sad
15717,sad
1572,sad
15721,sad
15824,sad
15847,neutral
15890,happy
15904,sad
15932,happy
15963,sad
16019,sad
16094,sad
16101,neutral
16143,neutral
16196,sad
16257,sad
16324,neutral
16329,neutral
16350,sad
16363,sad
16389,sad
16419,neutral
16463,sad
16464,sad
16476,neutral
16478,sad
16508,sad
1656,sad
16569,sad
16570,neutral
16575,sad
16685,neutral
1669,happy
16696,sad
16714,sad
1675,neutral
16817,neutral
16823,neutral
1683,happy
16845,neutral
1685,neutral
16860,happy
1688,sad
16890,neutral
16964,happy
16969,sad
16989,angry
17015,neutral
17018,neutral
17028,neutral
17131,sad
1716,neutral
17163,neutral
17212,neutral
17231,sad
17251,happy
17267,sad
17273,sad
17276,neutral
17295,happy
17318,sad
17345,angry
17359,sad
1737,sad
1738,fear
17417,happy
17424,happy
17538,happy
17555,happy
17563,sad
17582,neutral
1759,sad
17598,neutral
17695,sad
17702,sad
17790,neutral
17815,neutral
17837,sad
1785,neutral
17886,neutral
17973,sad
17980,sad
18035,neutral
18130,angry
18168,neutral
18181,sad
1819,neutral
18208,sad
18223,neutral
18281,neutral
18288,neutral
1830,neutral
18301,sad
18312,neutral
18321,neutral
18339,neutral
1835,sad
18388,neutral
18389,sad
18431,neutral
18469,sad
18497,neutral
18545,sad
18554,sad
18658,neutral
18687,sad
18703,neutral
18708,neutral
18725,angry
1874,happy
18778,neutral
18791,neutral
18803,neutral
18825,neutral
18909,neutral
1892,neutral
18926,sad
1897,neutral
18973,happy
18986,happy
19009,happy
19131,neutral
19181,neutral
19204,neutral
19214,sad
19234,sad
19259,sad
19329,neutral
19340,sad
19373,neutral
19390,sad
19411,sad
19435,neutral
19495,surprise
19533,neutral
19549,happy
19571,sad
19581,sad
19590,neutral
19591,happy
19609,happy
19615,neutral
19643,neutral
1972,sad
19793,neutral
19797,happy
19829,neutral
19855,sad
19863,neutral
1988,angry
19953,happy
19983,sad
19993,neutral
20008,neutral
20019,neutral
20028,sad
20036,neutral
201,sad
20150,neutral
20157,neutral
2019,happy
20223,angry
20257,sad
20272,sad
20274,sad
20289,sad
20360,sad
20372,sad
20416,neutral
20432,surprise
2044,neutral
20514,sad
20517,sad
2053,happy
20549,sad
20588,sad
20603,surprise
20621,sad
20665,sad
20670,sad
2068,happy
20680,sad
20737,sad
20814,sad
20833,neutral
20856,neutral
20875,sad
20892,sad
20893,sad
20933,happy
20948,neutral
21025,sad
21030,sad
21092,sad
21104,neutral
21150,neutral
21166,neutral
21167,sad
21199,sad
21210,neutral
21265,surprise
21311,neutral
21314,sad
2133,neutral
21337,neutral
21351,neutral
21377,neutral
21386,sad
21393,happy
21404,happy
21451,sad
21455,neutral
21470,surprise
21475,neutral
2149,neutral
21557,neutral
2156,sad
21589,neutral
21638,happy
21658,surprise
21663,happy
21695,neutral
217,neutral
2172,neutral
21730,sad
21752,neutral
21794,neutral
21812,sad
21817,sad
21822,neutral
21852,neutral
21862,neutral
21880,happy
21962,neutral
21971,neutral
22023,sad
22028,neutral
2207,sad
22088,neutral
22091,happy
22095,neutral
22123,neutral
2216,happy
2223,neutral
22267,neutral
2227,neutral
22292,sad
22325,neutral
22336,sad
22354,sad
22357,surprise
22403,happy
22410,neutral
22442,neutral
22457,sad
22482,neutral
22508,neutral
22517,neutral
22571,angry
22576,neutral
22587,neutral
22617,neutral
22627,neutral
22655,neutral
22688,neutral
22691,sad
22720,sad
2273,sad
22774,neutral
22787,neutral
2279,neutral
22820,neutral
22867,happy
22886,neutral
22916,sad
22924,neutral
22974,sad
22987,sad
22992,neutral
23012,sad
2303,happy
23039,neutral
23057,sad
23103,sad
23119,sad
23167,sad
23172,sad
23186,neutral
23204,neutral
23216,happy
23224,sad
23244,happy
23272,happy
23291,happy
23343,neutral
23348,neutral
23396,sad
23457,sad
23470,neutral
23487,sad
23565,neutral
23609,neutral
23623,sad
23634,sad
23666,neutral
23691,sad
23722,neutral
23725,neutral
23741,happy
23794,neutral
23858,neutral
23869,sad
23929,sad
24003,happy
24051,neutral
24065,neutral
24101,neutral
24104,neutral
24105,neutral
24156,neutral
24175,neutral
24182,sad
24187,neutral
24232,sad
2427,fear
24347,neutral
24358,happy
2443,happy
24443,neutral
24531,happy
24573,neutral
24575,neutral
2458,happy
24725,neutral
24768,neutral
24774,sad
24779,neutral
24785,sad
24798,happy
24815,happy
24820,happy
24877,neutral
24912,neutral
24931,neutral
24962,sad
24964,sad
25007,happy
25018,fear
25021,neutral
25078,neutral
25089,neutral
25099,sad
2510,neutral
25151,neutral
25295,sad
25318,sad
2535,happy
25372,happy
25391,neutral
25401,neutral
25409,neutral
25451,neutral
25497,sad
25507,happy
25520,neutral
25537,neutral
25573,neutral
25593,neutral
25615,sad
25627,happy
25635,sad
2564,sad
25668,sad
25678,neutral
25682,neutral
25685,neutral
25695,neutral
25701,sad
25723,surprise
25743,neutral
25773,neutral
25797,neutral
25800,neutral
25810,sad
25818,sad
25841,sad
2588,happy
25895,sad
25915,neutral
25919,neutral
25969,happy
25978,neutral
25979,sad
25994,happy
26016,happy
26023,sad
26041,angry
26049,neutral
26056,neutral
26067,sad
26069,happy
26081,sad
2613,sad
26134,sad
26161,neutral
26187,sad
26190,sad
26192,sad
26200,sad
26209,angry
26223,sad
26227,neutral
26237,sad
26318,neutral
26364,neutral
26411,happy
26453,sad
26464,neutral
26495,neutral
26539,sad
26647,neutral
26654,sad
26682,neutral
26715,surprise
26767,sad
2677,neutral
26771,sad
26833,neutral
26839,sad
26851,sad
26892,happy
26901,sad
26961,happy
2699,neutral
2710,neutral
27115,happy
27190,happy
27218,sad
27229,happy
2727,happy
27299,sad
273,sad
27306,sad
27329,sad
27405,neutral
27465,neutral
2747,happy
2750,happy
2753,neutral
27533,happy
27594,sad
27597,sad
2761,neutral
27642,happy
27646,happy
27650,happy
27683,neutral
27692,neutral
27752,sad
27767,neutral
27864,neutral
2792,neutral
27985,sad
27995,neutral
28005,neutral
28007,happy
28014,happy
28025,sad
28084,sad
28153,happy
28235,sad
28251,sad
28269,happy
28278,happy
2829,neutral
28298,neutral
28359,sad
28471,neutral
28478,sad
28480,sad
28493,neutral
28499,sad
28507,surprise
28517,sad
28531,sad
28535,happy
28539,sad
28546,sad
28549,neutral
28642,happy
28681,neutral
2871,sad
28723,neutral
28769,neutral
28782,happy
28836,sad
28842,neutral
28846,happy
28854,sad
28951,neutral
29009,happy
2901,happy
29099,sad
29129,sad
2914,neutral
29216,sad
29246,happy
29256,sad
29311,happy
29324,sad
29388,neutral
29403,happy
29428,surprise
29438,sad
29484,surprise
29500,neutral
29505,neutral
29525,sad
2953,sad
29556,sad
29559,sad
2957,neutral
29608,happy
29609,sad
2962,sad
29637,neutral
29664,sad
29694,sad
29758,neutral
2978,neutral
29794,neutral
2984,neutral
29840,happy
29848,sad
29893,happy
29916,neutral
29921,neutral
29944,sad
2995,happy
2998,neutral
30053,sad
30121,sad
30167,happy
30197,angry
30220,happy
30345,neutral
30346,neutral
30371,sad
30374,fear
30422,angry
3050,sad
3051,neutral
30530,fear
30543,sad
30546,sad
30581,neutral
30713,neutral
30786,sad
30850,neutral
30976,sad
31057,neutral
31123,sad
31132,sad
31139,neutral
3115,neutral
31164,sad
31189,neutral
3123,neutral
31240,neutral
31257,sad
31263,neutral
31307,sad
31332,happy
31347,sad
31371,neutral
31373,neutral
31478,sad
31483,angry
31486,sad
31546,sad
31561,happy
31591,neutral
31713,neutral
3174,neutral
31774,sad
31820,happy
31869,happy
3191,neutral
31949,neutral
31997,neutral
3204,sad
32071,sad
32081,neutral
3221,neutral
32216,happy
32321,sad
32330,sad
32355,happy
32360,sad
32371,neutral
32391,neutral
32443,neutral
32445,happy
32467,sad
3247,happy
32479,neutral
32508,sad
32516,sad
32547,neutral
32587,sad
32605,neutral
32636,happy
32671,neutral
32683,happy
32730,happy
3276,happy
32778,happy
32782,sad
32792,sad
32817,neutral
32855,neutral
32870,neutral
32905,sad
32914,happy
32935,happy
32939,sad
32965,happy
32972,surprise
32978,sad
33005,happy
33013,neutral
33022,neutral
33031,sad
33049,neutral
33052,sad
33100,neutral
33124,sad
33159,sad
33182,neutral
33219,fear
33243,sad
33255,neutral
33317,sad
33346,sad
33381,sad
33399,neutral
33452,neutral
33468,sad
33471,neutral
33514,sad
33526,sad
33609,sad
33642,happy
33699,sad
33710,neutral
3375,neutral
33785,happy
33794,neutral
33813,happy
33819,angry
33856,neutral
33858,neutral
33863,neutral
33865,neutral
33870,neutral
33880,neutral
33894,sad
3395,sad
33965,angry
33999,happy
34037,neutral
3404,neutral
34059,neutral
34088,sad
34093,neutral
34131,sad
34161,neutral
34269,happy
34272,neutral
34279,happy
34308,neutral
34324,sad
34335,happy
34513,happy
34526,neutral
34530,sad
34539,happy
34555,sad
34598,sad
34612,sad
34673,neutral
34685,neutral
34854,neutral
34870,neutral
34875,neutral
34920,happy
34979,neutral
3502,sad
35034,angry
35075,happy
35108,neutral
35129,neutral
35183,sad
35216,neutral
35229,neutral
35241,neutral
35255,neutral
35267,angry
35332,angry
3535,neutral
35356,neutral
3537,neutral
35400,neutral
35408,neutral
35484,surprise
35546,neutral
35576,neutral
35628,sad
35657,neutral
3566,neutral
35704,sad
3575,sad
35754,happy
35755,neutral
35764,happy
35775,fear
35802,sad
35852,neutral
3600,neutral
3610,happy
3700,neutral
3729,sad
3792,neutral
3795,happy
3899,happy
3909,neutral
3929,surprise
3932,happy
3953,neutral
3986,neutral
405,neutral
4062,neutral
4124,sad
4137,sad
4194,sad
4223,sad
4242,neutral
4314,sad
4328,neutral
4339,neutral
4372,happy
4380,neutral
4394,happy
44,fear
4443,neutral
4449,neutral
449,surprise
4552,sad
4553,neutral
4563,neutral
4573,neutral
4574,angry
4672,sad
4748,sad
4752,sad
4770,neutral
4777,sad
4802,neutral
4825,happy
4829,neutral
4868,neutral
4870,neutral
4883,neutral
4888,sad
4935,neutral
4953,neutral
4998,sad
5046,sad
5053,neutral
5073,neutral
508,surprise
5087,neutral
5110,happy
5116,happy
5170,sad
5186,neutral
5258,neutral
5267,happy
5323,neutral
5345,neutral
5361,sad
5385,sad
541,neutral
542,sad
5444,neutral
5446,sad
5449,neutral
547,neutral
551,sad
5527,sad
5536,sad
5549,sad
5561,happy
5591,sad
5651,sad
5687,neutral
5695,sad
5708,neutral
5713,sad
5715,neutral
5724,neutral
5748,sad
5749,sad
5784,neutral
5792,neutral
5811,neutral
5831,happy
584,sad
5853,sad
5865,happy
5912,neutral
5931,sad
5953,neutral
596,sad
5976,sad
5984,neutral
60,neutral
601,happy
6078,sad
6103,neutral
615,sad
6158,neutral
6180,sad
6193,sad
6236,neutral
6343,neutral
6351,neutral
6388,neutral
6397,sad
6412,happy
644,neutral
649,sad
6502,neutral
651,neutral
6527,neutral
6599,neutral
662,neutral
6664,neutral
6710,sad
673,sad
6813,sad
6836,sad
6842,angry
6869,surprise
6891,sad
6934,sad
7008,sad
7009,neutral
7077,neutral
7092,happy
7110,neutral
7131,neutral
7198,neutral
7220,neutral
7239,neutral
7254,neutral
7273,sad
7274,happy
7348,neutral
7361,sad
7376,neutral
7398,neutral
7462,sad
7466,happy
7490,happy
7551,neutral
7571,neutral
7588,sad
7599,neutral
7630,neutral
766,sad
767,neutral
7717,sad
7755,sad
7765,happy
7772,neutral
7773,neutral
7788,sad
7823,sad
7831,neutral
7871,happy
7903,happy
7932,neutral
7953,sad
8003,happy
8054,neutral
8076,neutral
8083,neutral
8105,sad
8141,neutral
8179,neutral
8211,sad
8216,sad
8233,neutral
8247,neutral
8262,happy
8264,sad
8280,neutral
8295,neutral
8347,happy
8352,sad
8373,neutral
838,neutral
8389,sad
8392,sad
841,neutral
8410,happy
8471,sad
8483,neutral
8498,neutral
8516,neutral
8536,neutral
855,neutral
8599,neutral
8687,neutral
8694,sad
8724,happy
8763,happy
8768,happy
8782,happy
8788,neutral
8802,happy
8842,sad
8862,sad
8863,sad
8868,happy
8880,happy
891,sad
8919,sad
8946,neutral
8976,neutral
8980,surprise
9011,neutral
9016,happy
9046,neutral
9050,sad
9069,neutral
9099,neutral
9128,sad
913,sad
9149,fear
917,happy
9170,neutral
9209,sad
9221,angry
9235,neutral
9252,neutral
9273,happy
9276,sad
9288,sad
9292,sad
9324,happy
9335,sad
9355,happy
9356,sad
9360,happy
9381,happy
9415,sad
9420,neutral
9434,neutral
9453,neutral
9473,happy
9477,neutral
9507,sad
9543,neutral
9611,sad
9701,fear
9712,neutral
9718,sad
9773,neutral
9803,sad
9838,sad
9867,neutral
9874,neutral
9936,sad
9975,happy
9982,sad
9993,happy
10004,sad
1003,sad
10031,sad
10073,happy
10114,neutral
10116,fear
10171,neutral
10172,sad
10176,happy
1022,neutral
10252,sad
1026,sad
10339,sad
10352,sad
10375,happy
10383,happy
10386,sad
10423,sad
10425,sad
10455,sad
10561,sad
10607,sad
10620,sad
10655,fear
10686,neutral
10694,neutral
10713,happy
10769,happy
1078,sad
10871,sad
10881,sad
10919,sad
11025,happy
11026,neutral
11031,sad
11100,neutral
11138,fear
11140,sad
11163,sad
11192,sad
11209,happy
11234,sad
11241,happy
11264,sad
11280,sad
11284,surprise
11295,happy
11316,sad
11346,sad
11398,sad
1148,sad
115,sad
11523,sad
1156,fear
11581,sad
11582,surprise
11601,sad
11626,sad
11640,happy
11662,happy
11722,sad
1173,sad
11746,sad
11790,happy
11794,happy
11836,angry
11867,sad
11876,sad
11880,neutral
11891,sad
11909,angry
11966,sad
11978,fear
1198,sad
12040,sad
12074,sad
12092,angry
12113,sad
12119,sad
12190,sad
12246,sad
12267,sad
12318,happy
12364,neutral
12498,sad
12512,neutral
12524,happy
12547,sad
12591,sad
12594,surprise
12621,sad
1264,happy
12648,happy
12659,neutral
12661,sad
12702,happy
12758,sad
12791,sad
12818,neutral
12827,sad
12899,sad
12958,neutral
1298,neutral
13000,angry
13027,sad
13051,sad
13091,sad
13150,sad
13162,neutral
13180,neutral
13187,sad
13293,surprise
13296,sad
13339,sad
13380,sad
13421,neutral
13483,happy
13488,neutral
13505,happy
13510,sad
1353,sad
13562,sad
13575,sad
13598,sad
13631,neutral
1364,happy
13666,neutral
13714,sad
13726,sad
13793,sad
13801,sad
13812,sad
13852,sad
13870,happy
13888,happy
13907,happy
13940,sad
13979,happy
13983,sad
14048,sad
14070,neutral
14106,neutral
14122,surprise
14127,sad
14136,sad
1420,sad
14208,sad
14226,happy
14250,sad
14346,sad
14384,sad
14388,sad
14459,sad
14464,angry
14472,sad
14474,happy
14484,neutral
14494,sad
14505,sad
14522,sad
14524,sad
14561,happy
14572,sad
14574,sad
14578,sad
14682,neutral
14696,sad
14729,happy
1482,neutral
14835,sad
14836,happy
15052,happy
15078,sad
15090,sad
15129,sad
15145,sad
15167,happy
15169,sad
15192,sad
15208,happy
15289,sad
15294,sad
1536,happy
15365,angry
15373,sad
15436,fear
15447,sad
15462,sad
15468,neutral
15484,sad
1549,sad
15534,sad
15535,sad
15565,sad
15580,happy
15592,sad
1560,sad
15613,sad
15642,sad
15657,sad
15696,neutral
15697,sad
15795,sad
15867,neutral
15909,sad
15929,sad
16003,sad
16010,sad
16053,happy
16056,happy
16075,sad
16087,sad
16125,sad
16151,neutral
16208,sad
16304,sad
16338,sad
16387,angry
16388,neutral
16405,happy
16443,sad
1645,sad
16475,sad
16535,sad
16558,happy
16645,angry
16706,sad
16710,sad
16776,angry
1678,sad
16787,neutral
16798,sad
16821,sad
16837,happy
16839,sad
16863,neutral
16895,sad
16938,sad
16962,sad
16985,happy
17003,happy
17011,sad
17100,sad
17128,sad
172,sad
17206,angry
17215,angry
17237,happy
17248,happy
17257,angry
17275,sad
17279,sad
17293,sad
17297,sad
17331,happy
17341,neutral
17363,sad
17426,happy
17432,happy
1751,neutral
17518,neutral
17597,sad
17607,happy
17625,sad
17662,happy
17666,sad
17678,sad
17713,sad
17717,sad
1772,neutral
17730,sad
17746,happy
17763,neutral
17767,sad
17775,happy
1778,angry
17784,sad
17794,sad
17887,sad
17912,neutral
18047,happy
18067,sad
18101,sad
18120,sad
18180,neutral
18193,surprise
18260,sad
18270,neutral
18300,sad
18345,sad
18349,sad
18361,sad
18367,neutral
18381,sad
18457,sad
18475,sad
1854,sad
18550,sad
18573,sad
18610,sad
18732,neutral
18734,sad
18842,sad
18855,sad
18872,sad
18888,neutral
18897,neutral
1891,neutral
18914,sad
18927,sad
1896,neutral
18962,neutral
19029,happy
19049,happy
19082,surprise
19084,neutral
19095,sad
19145,neutral
19165,sad
19179,sad
1926,neutral
19274,sad
19285,neutral
19303,sad
1931,happy
19364,neutral
1937,sad
19384,angry
19422,sad
19461,sad
19470,sad
19486,sad
19531,sad
19535,sad
19578,sad
19607,angry
19663,happy
19674,sad
1973,sad
19731,neutral
19785,sad
19799,neutral
19861,sad
19864,neutral
19880,sad
19893,sad
19934,neutral
19969,neutral
19973,sad
19975,neutral
20,neutral
20072,happy
20073,sad
20104,neutral
20171,sad
20192,sad
20193,neutral
20217,sad
20301,sad
20313,sad
2039,sad
20395,sad
20400,sad
20468,neutral
20469,neutral
20511,sad
20560,happy
20563,neutral
20589,sad
20650,sad
20656,sad
20667,angry
20750,sad
2084,sad
20908,neutral
2091,surprise
20964,fear
20979,sad
21005,sad
21029,surprise
21036,happy
21078,neutral
21082,sad
21201,neutral
21221,sad
21249,sad
21275,happy
21282,neutral
21312,neutral
21324,sad
21428,sad
21434,neutral
21531,sad
21535,sad
21549,neutral
2157,sad
21632,neutral
21666,sad
21681,sad
21715,sad
21720,sad
2176,sad
21766,sad
21769,sad
21968,neutral
21978,sad
21988,sad
22004,sad
22032,neutral
22051,neutral
22067,sad
22117,sad
22241,sad
22255,neutral
22271,angry
22319,happy
22335,sad
2238,sad
2239,happy
22390,sad
22416,neutral
22419,sad
22448,sad
22449,sad
22452,sad
22521,sad
2256,sad
22602,sad
22619,neutral
22631,sad
22651,sad
22690,sad
22704,sad
22761,angry
22765,fear
22766,sad
2278,neutral
22808,sad
22816,neutral
22937,neutral
22961,sad
22977,neutral
22989,sad
23054,angry
23060,sad
231,sad
2312,sad
23220,sad
23297,neutral
23304,happy
23341,sad
23374,sad
23407,neutral
23430,happy
23452,sad
23471,happy
23483,sad
23507,sad
23542,sad
23549,angry
23562,sad
23584,sad
23601,sad
23654,sad
23658,neutral
2367,neutral
23675,sad
23700,neutral
23715,sad
23748,sad
23760,sad
23764,sad
23779,sad
23781,sad
23792,neutral
23817,sad
23829,happy
23832,neutral
23853,sad
23884,sad
23901,sad
23905,sad
23915,happy
23945,sad
23948,sad
23965,sad
23968,neutral
23978,sad
23991,sad
24013,neutral
24057,happy
24066,sad
24087,neutral
2412,happy
24133,sad
24160,sad
24168,sad
24173,sad
2418,sad
24183,happy
24217,sad
24239,neutral
24247,sad
2431,angry
24329,neutral
24363,sad
24384,neutral
24420,sad
24421,happy
24460,happy
24473,sad
2451,sad
24543,angry
24545,sad
24582,sad
24643,sad
24664,sad
24736,angry
2476,sad
2478,surprise
2485,happy
24881,sad
24909,neutral
24916,sad
2496,sad
2499,neutral
2502,sad
25025,sad
25055,angry
25087,neutral
25117,surprise
25126,neutral
25211,neutral
25231,sad
25240,neutral
25250,sad
25281,happy
2530,sad
2533,fear
25330,sad
25348,sad
25351,sad
25356,happy
25379,sad
25381,happy
2539,happy
25410,sad
25412,sad
25425,sad
2546,surprise
25510,angry
25529,sad
25576,neutral
25582,sad
25597,neutral
25632,sad
25643,sad
2565,neutral
25819,sad
25832,sad
25843,sad
25920,neutral
25961,neutral
25983,happy
25985,sad
26005,sad
26006,sad
26040,happy
26079,happy
2615,sad
26198,happy
26249,sad
26269,happy
26270,sad
26292,sad
26304,sad
26313,sad
26321,sad
2633,sad
26339,neutral
26346,happy
2635,sad
26355,sad
26368,sad
26378,neutral
26398,angry
26404,neutral
26443,happy
26484,happy
26501,sad
26543,happy
26566,happy
26573,neutral
26581,sad
26586,sad
26600,sad
26612,sad
26670,sad
26675,sad
26683,angry
26702,sad
26747,sad
26772,sad
26834,neutral
2690,angry
26959,happy
26970,neutral
27005,sad
27027,sad
27035,sad
27052,neutral
27117,sad
27124,neutral
27258,sad
27292,sad
27305,sad
27350,sad
27400,sad
27410,sad
27450,neutral
27461,sad
27471,neutral
2748,happy
2751,sad
27518,sad
27522,sad
27561,sad
27562,happy
27576,neutral
27585,sad
27588,sad
27629,happy
27681,neutral
27694,sad
27719,neutral
27759,sad
27776,happy
27788,neutral
27810,happy
2785,sad
27873,sad
2788,sad
27887,fear
27913,sad
27948,surprise
27993,sad
28053,happy
28073,sad
28091,sad
28100,angry
28137,sad
28143,happy
28171,sad
28230,sad
28252,neutral
28272,sad
28294,sad
28296,sad
28396,sad
28424,sad
28426,happy
28465,sad
28552,angry
28555,sad
28568,sad
28596,sad
28696,sad
28700,sad
28794,sad
28895,sad
28966,sad
2902,sad
29058,sad
29082,sad
29112,happy
29121,neutral
29150,angry
29194,sad
29226,happy
29243,sad
29295,sad
29298,neutral
29305,sad
29318,sad
29322,sad
2934,sad
29379,happy
29383,neutral
2945,sad
2950,neutral
29529,happy
29553,sad
29561,happy
29580,happy
29585,sad
29617,sad
29622,angry
29627,happy
29628,sad
29632,happy
29652,sad
29692,neutral
29703,sad
29756,sad
29757,sad
29792,angry
29819,angry
29835,sad
29875,sad
29897,sad
29936,sad
29937,happy
29941,neutral
29970,sad
29973,sad
29998,sad
30001,sad
30035,sad
30045,sad
30056,sad
3007,neutral
30080,sad
30094,sad
30104,sad
30118,happy
3012,sad
30144,neutral
30170,happy
30181,sad
30219,sad
30251,sad
30274,sad
30289,neutral
30292,sad
30326,sad
30331,sad
30358,sad
30377,sad
30410,neutral
30439,sad
30440,happy
30462,sad
30541,neutral
30552,happy
3056,neutral
30565,happy
3059,sad
30611,sad
3075,sad
30763,neutral
30789,happy
30817,sad
30818,sad
30853,sad
30867,happy
3088,sad
3094,neutral
31009,neutral
31068,happy
31072,happy
31099,happy
31104,neutral
31113,happy
31149,sad
3118,sad
312,sad
31248,sad
31265,sad
31328,sad
31367,sad
3139,neutral
31390,happy
31409,sad
31424,happy
31506,sad
31510,happy
31527,sad
31534,neutral
31634,sad
31643,sad
31653,happy
31663,neutral
31665,happy
31669,angry
3169,sad
31712,neutral
31720,sad
31836,sad
31857,sad
3187,happy
32005,sad
32029,fear
3206,happy
32139,happy
32175,sad
32183,sad
32189,neutral
32202,sad
32268,sad
32296,sad
32297,neutral
3235,sad
32383,neutral
32394,sad
32422,sad
32565,happy
32580,angry
32582,neutral
32613,happy
3263,sad
32711,sad
32744,sad
32768,sad
32814,sad
32818,sad
32836,neutral
32843,sad
32859,happy
32861,surprise
32898,sad
32903,sad
32911,fear
32932,sad
32982,happy
33089,sad
33152,sad
33213,happy
33227,neutral
33247,sad
33276,sad
33295,happy
33302,happy
33331,sad
33371,sad
33373,neutral
33421,sad
33492,sad
33516,sad
33523,happy
33538,sad
33628,sad
33636,sad
33640,sad
33686,sad
33691,neutral
33693,sad
33736,sad
33747,happy
3378,sad
33780,sad
33786,neutral
3382,sad
33820,sad
33936,neutral
33962,sad
33988,sad
3403,sad
34070,happy
34121,sad
34176,sad
34195,sad
34205,sad
34242,sad
34250,sad
3433,angry
34387,sad
34408,sad
34413,sad
34427,neutral
34477,sad
34509,fear
34533,neutral
34605,neutral
34610,sad
34629,sad
34633,angry
34679,sad
34694,sad
3477,neutral
34788,sad
34798,happy
34799,happy
34820,happy
34827,sad
34905,fear
34913,sad
34917,sad
3492,sad
34945,angry
34985,neutral
34988,sad
34991,fear
350,sad
35030,surprise
35039,sad
35043,sad
35058,angry
3506,sad
3508,sad
35116,sad
35131,sad
35148,sad
3518,sad
35192,sad
35214,sad
35297,neutral
35318,surprise
35375,surprise
35386,sad
35411,sad
3546,neutral
35528,sad
35567,surprise
35605,neutral
35615,sad
35639,neutral
35691,sad
35737,happy
35768,sad
35812,sad
35873,sad
359,sad
3634,sad
3653,sad
3661,neutral
3731,sad
3767,sad
3825,neutral
3855,sad
3869,sad
3922,sad
3951,neutral
3972,neutral
3988,sad
4130,neutral
4207,sad
422,sad
4233,sad
4274,sad
4381,happy
4389,sad
4412,sad
4415,sad
4441,angry
4482,sad
4534,neutral
4572,happy
4594,fear
4596,sad
4615,sad
4624,sad
4697,happy
4714,angry
4734,sad
4736,sad
4764,sad
4771,sad
4811,sad
4860,happy
4940,sad
4951,angry
4958,happy
4987,sad
5004,sad
505,sad
5055,sad
5056,sad
5058,sad
5061,sad
5100,sad
5101,neutral
5107,sad
5147,neutral
5166,sad
5177,sad
5224,sad
5229,sad
5374,neutral
5435,sad
5466,angry
5560,neutral
5629,neutral
5642,neutral
5689,sad
5710,happy
580,sad
5836,neutral
5910,sad
5995,happy
6025,sad
6033,angry
6109,sad
6137,sad
6149,sad
6187,sad
6215,sad
6265,happy
6304,sad
6312,sad
6353,sad
6400,sad
6449,happy
6459,neutral
6467,sad
6492,sad
6521,neutral
6529,sad
6551,sad
6557,sad
6563,sad
6645,sad
6660,sad
6720,neutral
6735,sad
6771,sad
680,neutral
6833,sad
6860,sad
688,neutral
6897,sad
6901,neutral
6904,neutral
6915,surprise
6930,neutral
6957,sad
6960,sad
6964,fear
70,sad
7030,happy
7037,sad
7039,sad
7119,sad
7121,sad
7165,sad
7232,sad
7253,happy
7268,sad
7275,happy
7287,neutral
7301,happy
7337,happy
7371,happy
7400,fear
7406,neutral
7430,happy
7475,neutral
7502,surprise
7536,sad
7566,sad
7569,neutral
761,sad
7618,sad
7623,sad
7675,angry
7679,sad
7724,happy
7776,surprise
7806,happy
7848,sad
7877,happy
7878,sad
7943,sad
7962,sad
7963,angry
7976,sad
798,fear
800,neutral
8039,angry
8056,sad
8098,sad
8099,neutral
8102,neutral
8146,neutral
8164,sad
8197,sad
8203,neutral
822,sad
8223,sad
8238,happy
8252,fear
8266,sad
8333,happy
8390,neutral
8430,sad
8525,happy
8580,happy
8614,fear
8639,sad
8659,happy
8702,neutral
8718,surprise
8738,sad
8761,sad
8814,neutral
8834,sad
8851,happy
8876,sad
8892,sad
8925,happy
8953,sad
8955,sad
8958,happy
9006,fear
9028,neutral
9066,neutral
9073,sad
9082,sad
9087,sad
9119,neutral
9142,happy
9171,sad
9219,sad
922,happy
9238,fear
9267,sad
9327,happy
9338,neutral
9387,fear
9405,sad
9454,sad
9457,sad
9459,angry
9463,sad
9465,sad
9498,happy
9508,sad
9548,sad
9689,happy
9693,sad
9713,sad
9769,sad
977,sad
98,neutral
9841,happy
9864,sad
987,sad
9885,sad
9889,sad
9923,angry
10056,surprise
10097,neutral
10162,neutral
10185,surprise
10246,sad
10259,surprise
10268,happy
10306,surprise
1033,surprise
10365,surprise
10372,surprise
10444,surprise
10545,surprise
10625,surprise
10701,surprise
10734,surprise
10755,sad
10768,surprise
10800,surprise
10813,happy
10820,surprise
10837,neutral
10866,surprise
10909,happy
10931,surprise
10950,surprise
11000,angry
11043,sad
1107,neutral
11126,happy
11139,neutral
1118,surprise
11302,surprise
11414,happy
11418,surprise
11429,fear
11451,surprise
11466,surprise
11589,fear
11670,surprise
11721,surprise
1176,neutral
11786,happy
11848,surprise
11865,sad
11902,neutral
12086,surprise
12107,sad
12131,surprise
12134,surprise
12312,surprise
12320,happy
12338,sad
1239,surprise
12463,surprise
12470,surprise
1249,surprise
12504,surprise
12529,surprise
12551,surprise
12567,happy
12626,surprise
12684,happy
12723,surprise
12748,surprise
12768,fear
12903,happy
12924,happy
12960,surprise
12973,surprise
13009,neutral
13080,fear
13101,surprise
13145,surprise
13169,sad
13203,sad
13205,surprise
13230,surprise
13288,surprise
13460,surprise
13521,surprise
13622,surprise
13684,surprise
13740,surprise
1376,fear
13837,fear
13876,surprise
14080,surprise
14091,fear
14115,neutral
14305,surprise
14331,surprise
14375,surprise
1449,neutral
1457,surprise
14647,surprise
14691,surprise
14697,surprise
14798,surprise
14914,surprise
14927,happy
14968,surprise
15008,surprise
15034,surprise
15037,fear
15047,surprise
15101,happy
1515,neutral
15179,surprise
15238,surprise
15244,surprise
15263,surprise
15354,surprise
15378,fear
15383,surprise
15416,fear
15454,surprise
15467,neutral
15486,surprise
15487,surprise
15518,fear
15524,surprise
15527,fear
15533,surprise
15628,surprise
15635,fear
15788,sad
15802,happy
1583,neutral
15922,surprise
15944,sad
16110,surprise
16133,surprise
16172,surprise
16229,surprise
16237,surprise
16280,neutral
16396,surprise
16415,sad
16441,sad
16507,sad
16530,surprise
16646,fear
16666,surprise
16721,surprise
16756,happy
16774,sad
16829,happy
16886,surprise
16901,neutral
16947,surprise
16959,surprise
16980,surprise
16995,happy
17016,sad
17019,neutral
17027,surprise
17044,neutral
1710,fear
17137,fear
17148,surprise
17157,sad
17161,happy
17177,surprise
17205,surprise
17245,fear
17290,surprise
17309,surprise
1735,surprise
17350,happy
17422,fear
17429,neutral
17433,sad
1750,neutral
176,sad
17610,neutral
1764,surprise
17693,surprise
17845,surprise
17906,angry
17919,surprise
17952,neutral
1800,surprise
18026,surprise
18038,surprise
18132,surprise
18198,surprise
18285,surprise
18313,surprise
18393,surprise
18436,neutral
18521,sad
18555,surprise
18577,surprise
18613,neutral
18615,neutral
18619,surprise
18631,surprise
1864,surprise
18678,surprise
18706,surprise
18742,neutral
18862,surprise
18864,surprise
19051,surprise
1911,surprise
1914,surprise
19142,happy
19177,surprise
19187,surprise
19267,surprise
19314,surprise
19362,happy
19389,fear
19431,surprise
1945,surprise
1952,neutral
19594,surprise
19601,surprise
19650,surprise
19665,surprise
19720,happy
19755,surprise
19795,happy
1992,surprise
19972,surprise
20041,surprise
20146,surprise
20148,surprise
20162,surprise
20167,surprise
20262,surprise
20293,surprise
20369,fear
20373,surprise
20387,surprise
20407,happy
20467,neutral
20573,sad
20584,surprise
20594,sad
20664,neutral
20691,surprise
20786,surprise
20855,fear
20882,surprise
2090,surprise
20935,surprise
20947,happy
20967,surprise
20989,surprise
21044,surprise
21072,fear
21074,surprise
2114,surprise
21148,surprise
21151,sad
21153,surprise
21154,surprise
2119,surprise
21217,surprise
21233,happy
21239,surprise
21299,surprise
21417,surprise
2146,sad
21461,surprise
21468,surprise
21545,surprise
21570,surprise
21578,surprise
21587,surprise
2168,surprise
2173,happy
21807,surprise
21824,surprise
21834,surprise
21887,neutral
21896,surprise
21906,surprise
2195,surprise
21973,neutral
21987,surprise
2200,surprise
22019,angry
22025,neutral
22128,surprise
22131,surprise
22278,happy
2228,happy
22305,surprise
22322,fear
2234,surprise
22372,surprise
22497,happy
22509,sad
22525,fear
22666,surprise
22741,sad
22771,surprise
22864,sad
22921,surprise
23053,surprise
23151,angry
23155,surprise
23328,surprise
23346,sad
23386,neutral
23413,happy
23433,neutral
23661,surprise
23662,surprise
23739,surprise
23747,sad
23751,surprise
23885,neutral
23893,surprise
23917,happy
23941,surprise
23943,neutral
23949,surprise
24022,neutral
24031,sad
24046,surprise
24050,surprise
24143,sad
24163,surprise
24167,surprise
24174,surprise
24179,fear
24201,happy
24291,sad
24404,sad
24411,surprise
24415,surprise
24432,surprise
24433,neutral
2448,happy
24557,surprise
2461,surprise
24646,surprise
24668,surprise
24756,happy
24893,sad
24904,happy
24921,surprise
25010,surprise
25036,surprise
25044,surprise
25107,surprise
25143,surprise
25188,surprise
25229,sad
25234,fear
25280,surprise
2529,surprise
25319,sad
25390,surprise
25397,happy
25402,neutral
25416,surprise
25492,neutral
25539,happy
25563,sad
25571,surprise
256,surprise
25610,surprise
25636,happy
25674,surprise
25687,sad
25709,sad
25742,surprise
25781,surprise
25808,sad
25906,happy
25959,surprise
26076,surprise
26087,neutral
26101,surprise
26102,surprise
26133,surprise
2619,happy
26243,surprise
2634,happy
26452,surprise
26455,surprise
26483,surprise
26487,surprise
26500,sad
26556,fear
26626,fear
26708,sad
26800,neutral
26825,surprise
26907,surprise
26910,surprise
26914,happy
26944,sad
27025,happy
27039,surprise
27070,sad
27125,surprise
27165,surprise
27174,surprise
27193,fear
27240,surprise
27270,surprise
27273,surprise
27321,surprise
27325,surprise
27328,surprise
2744,sad
27566,surprise
27577,surprise
2758,surprise
27586,surprise
2759,surprise
276,surprise
27696,surprise
27737,neutral
27756,happy
27774,surprise
27803,surprise
27916,surprise
27919,neutral
27926,surprise
27933,fear
27973,neutral
27979,surprise
2803,sad
28076,surprise
28082,fear
28130,surprise
28182,surprise
28219,sad
28236,sad
28287,surprise
28328,fear
28335,happy
28342,neutral
2835,surprise
2837,surprise
28370,sad
28421,neutral
28441,surprise
28448,fear
28476,surprise
28482,sad
28501,surprise
28525,sad
28639,surprise
28653,surprise
28666,surprise
28667,surprise
28727,surprise
28803,angry
2886,sad
28864,surprise
28901,surprise
29038,sad
29110,surprise
29118,neutral
29164,surprise
29205,neutral
29225,surprise
29276,surprise
29283,fear
29354,sad
2949,happy
29515,neutral
29516,sad
29537,surprise
29540,surprise
29542,happy
29551,surprise
29557,sad
2956,surprise
29568,sad
29618,surprise
29619,happy
29677,happy
29690,surprise
29796,surprise
29797,surprise
29803,sad
29884,sad
29954,happy
3002,surprise
30173,neutral
30174,happy
30184,neutral
30190,surprise
30336,happy
30537,surprise
30620,surprise
30625,surprise
30628,surprise
30714,surprise
30726,surprise
30811,surprise
3084,neutral
30943,surprise
30989,surprise
31005,fear
31054,surprise
31097,sad
31102,surprise
31194,sad
31198,surprise
31206,surprise
31223,surprise
31353,surprise
31364,neutral
31533,surprise
31563,surprise
3157,surprise
31631,surprise
31662,surprise
31775,surprise
31781,sad
31784,surprise
31799,surprise
31814,surprise
31826,surprise
31872,surprise
31882,surprise
31899,fear
31953,happy
31961,surprise
32069,neutral
32132,surprise
32165,sad
32179,happy
3223,surprise
3224,surprise
32243,surprise
32308,happy
32315,surprise
32324,surprise
32334,fear
32365,surprise
32395,surprise
32405,surprise
32420,surprise
32432,surprise
32510,surprise
32530,fear
32630,surprise
32695,sad
32727,surprise
32734,surprise
32753,surprise
32756,happy
32894,sad
32968,neutral
32979,surprise
330,surprise
33039,fear
33055,surprise
33072,neutral
33079,surprise
33147,surprise
33180,neutral
33290,surprise
33316,surprise
33329,surprise
33364,surprise
33376,sad
33378,happy
33405,sad
33411,surprise
3354,sad
336,surprise
33667,surprise
33677,angry
33745,surprise
33759,surprise
33789,surprise
33800,angry
33879,surprise
3392,neutral
33993,surprise
33997,fear
34004,angry
34034,surprise
34039,surprise
34072,surprise
34087,fear
34134,happy
34162,surprise
34212,happy
3423,surprise
34237,surprise
34252,neutral
34288,fear
34385,sad
34400,surprise
34416,happy
34439,fear
3445,neutral
34546,surprise
34557,surprise
34664,surprise
34674,surprise
34722,sad
34787,happy
34813,surprise
34844,surprise
34904,surprise
34926,surprise
34984,surprise
34986,surprise
35049,surprise
35063,surprise
35083,surprise
35084,sad
35118,surprise
35121,fear
35144,surprise
35154,surprise
35156,neutral
35194,surprise
35201,surprise
35212,surprise
35237,surprise
35276,surprise
35355,surprise
35384,surprise
35387,surprise
35399,sad
35511,surprise
35524,surprise
35530,fear
35608,sad
35644,happy
35684,surprise
35688,surprise
35757,happy
35790,surprise
35823,neutral
35833,surprise
35857,surprise
35872,sad
3603,surprise
3607,neutral
3635,neutral
3675,surprise
3691,surprise
3756,neutral
3765,surprise
3858,happy
3874,happy
3878,angry
3925,happy
4036,surprise
4072,sad
4076,surprise
4080,neutral
4086,surprise
413,surprise
4199,fear
4243,surprise
4289,neutral
4347,surprise
435,surprise
4352,sad
438,surprise
4390,surprise
4431,surprise
4486,happy
4513,surprise
4536,surprise
4570,happy
4621,surprise
4636,surprise
4657,happy
4685,surprise
4698,surprise
4793,neutral
4895,surprise
4912,sad
5037,surprise
5077,surprise
51,neutral
5138,surprise
5178,neutral
518,fear
5310,surprise
5375,surprise
5419,fear
5450,happy
5513,surprise
5530,surprise
5595,surprise
5636,surprise
5664,surprise
5706,happy
5771,surprise
5778,sad
5855,sad
5893,happy
5938,happy
5943,sad
5997,surprise
6046,surprise
6050,surprise
6167,surprise
6184,surprise
6216,happy
6219,surprise
6247,surprise
6309,surprise
6360,surprise
6410,sad
6415,surprise
6425,surprise
6427,surprise
647,happy
6518,surprise
6598,surprise
6647,surprise
670,surprise
6711,happy
6716,fear
675,surprise
6797,surprise
6877,fear
692,surprise
6966,surprise
7024,surprise
7032,happy
7153,surprise
7203,surprise
7211,surprise
726,sad
7459,surprise
7512,fear
7562,surprise
7582,surprise
759,happy
7626,surprise
7761,surprise
7774,sad
78,surprise
783,surprise
7865,surprise
7874,surprise
788,neutral
7926,surprise
7957,surprise
8016,surprise
8021,neutral
8042,surprise
8063,happy
8115,fear
8137,surprise
8143,surprise
8173,surprise
8240,angry
8309,happy
8329,surprise
8404,surprise
8421,surprise
843,surprise
8439,surprise
8478,happy
8489,surprise
867,fear
8736,happy
8837,fear
8928,surprise
8973,surprise
9017,surprise
9021,surprise
9118,surprise
9141,surprise
9162,surprise
9309,surprise
9367,surprise
9380,surprise
9450,sad
9467,fear
947,surprise
9499,sad
9541,surprise
9546,neutral
9560,sad
9630,surprise
9644,neutral
9681,surprise
9776,sad
9786,happy
9806,surprise
9830,sad
9853,sad
9878,fear
993,surprise
